external_gene_name	chromosome_name	start_position	end_position	ensembl_gene_id	mim_gene_accession	mim_gene_description	mim_morbid_description	mim_morbid_accession
ABCA2	9	137007234	137028922	ENSG00000107331	600047	ATP-BINDING CASSETTE, SUBFAMILY A, MEMBER 2; ABCA2;;ATP-BINDING CASSETTE 2; ABC2;;ATP-BINDING CASSETTE TRANSPORTER 2;;ABC TRANSPORTER 2;;KIAA1062	INTELLECTUAL DEVELOPMENTAL DISORDER WITH POOR GROWTH AND WITH OR WITHOUT SEIZURES OR ATAXIA; IDPOGSA	618808
ABCF2	7	151211484	151227205	ENSG00000033050	612510	ATP-BINDING CASSETTE, SUBFAMILY F, MEMBER 2; ABCF2;;HUMAN SEQUENCE SIMILAR TO YEAST 18; HUSSY18		NA
AC008695.1	5	131425891	131796983	ENSG00000273217	NA			NA
ACSL4	X	109624244	109733403	ENSG00000068366	300157	ACYL-CoA SYNTHETASE LONG CHAIN FAMILY, MEMBER 4; ACSL4;;FATTY ACID CoA LIGASE, LONG CHAIN 4; FACL4;;ACYL-CoA SYNTHETASE 4; ACS4	MENTAL RETARDATION, X-LINKED 63; MRX63;;MENTAL RETARDATION, X-LINKED 68; MRX68	300387
ACVR1	2	157736444	157876330	ENSG00000115170	102576	ACTIVIN A RECEPTOR, TYPE I; ACVR1;;ACTIVIN A RECEPTOR, TYPE II-LIKE KINASE 2; ACVRLK2;;ACTIVIN RECEPTOR-LIKE KINASE 2; ALK2	FIBRODYSPLASIA OSSIFICANS PROGRESSIVA; FOP	135100
ADAM22	7	87934143	88202889	ENSG00000008277	603709	A DISINTEGRIN AND METALLOPROTEINASE DOMAIN 22; ADAM22;;METALLOPROTEINASE-LIKE, DISINTEGRIN-LIKE, AND CYSTEINE-RICH PROTEIN 2; MDC2	EPILEPTIC ENCEPHALOPATHY, EARLY INFANTILE, 61; EIEE61	617933
ADAMTS2	5	179110853	179345461	ENSG00000087116	604539	A DISINTEGRIN-LIKE AND METALLOPROTEINASE WITH THROMBOSPONDIN TYPE 1 MOTIF, 2; ADAMTS2;;PROCOLLAGEN I N-PROTEINASE; NPI	EHLERS-DANLOS SYNDROME, DERMATOSPARAXIS TYPE; EDSDERMS;;DERMATOSPARAXIS;;EHLERS-DANLOS SYNDROME, TYPE VII, AUTOSOMAL RECESSIVE;;EDS VIIC;;EDS7C	225410
ADAMTS2	CHR_HG30_PATCH	179110853	179345461	ENSG00000283802	604539	A DISINTEGRIN-LIKE AND METALLOPROTEINASE WITH THROMBOSPONDIN TYPE 1 MOTIF, 2; ADAMTS2;;PROCOLLAGEN I N-PROTEINASE; NPI	EHLERS-DANLOS SYNDROME, DERMATOSPARAXIS TYPE; EDSDERMS;;DERMATOSPARAXIS;;EHLERS-DANLOS SYNDROME, TYPE VII, AUTOSOMAL RECESSIVE;;EDS VIIC;;EDS7C	225410
AFDN	6	167826922	167972023	ENSG00000130396	159559	AFADIN; AFDN;;MYELOID/LYMPHOID OR MIXED LINEAGE LEUKEMIA, TRANSLOCATED TO, 4; MLLT4;;MIXED LINEAGE LEUKEMIA, TRANSLOCATED TO, 4;;ALL1-FUSED GENE FROM CHROMOSOME 6; AF6;;CANOE, DROSOPHILA, HOMOLOG OF AF6/MLL FUSION GENE, INCLUDED		NA
AGO4	1	35808016	35857890	ENSG00000134698	607356	EUKARYOTIC TRANSLATION INITIATION FACTOR 2C, SUBUNIT 4; EIF2C4;;ARGONAUTE 4; AGO4;;KIAA1567		NA
AHCY	20	34280268	34311802	ENSG00000101444	180960	S-ADENOSYLHOMOCYSTEINE HYDROLASE; AHCY;;SAHH	HYPERMETHIONINEMIA WITH S-ADENOSYLHOMOCYSTEINE HYDROLASE DEFICIENCY	613752
ALAS1	3	52198086	52214327	ENSG00000023330	125290	DELTA-AMINOLEVULINATE SYNTHASE 1; ALAS1;;ALAS;;ALAS, HOUSEKEEPING TYPE; ALASH		NA
ALDOA	16	30064164	30070457	ENSG00000149925	103850	ALDOLASE A, FRUCTOSE-BISPHOSPHATE; ALDOA;;FRUCTOSE-1,6-BISPHOSPHATE ALDOLASE A;;ALDOLASE A; ALDA;;ALDOLASE 1;;FRUCTOALDOLASE A	GLYCOGEN STORAGE DISEASE XII; GSD12;;GSD XII;;ALDOLASE A DEFICIENCY;;ALDOA DEFICIENCY;;ALDOLASE DEFICIENCY, RED CELL;;RED CELL ALDOLASE DEFICIENCY	611881
ALG12	22	49900229	49918438	ENSG00000182858	607144	ALG12, S. CEREVISIAE, HOMOLOG OF; ALG12;;ASPARAGINE-LINKED GLYCOSYLATION 12, HOMOLOG OF;;DOLICHYL-P-MANNOSE:MAN-7-GlcNAc-2-PP-DOLICHYL-ALPHA-6-MANNOSYLTRANSFERASE	CONGENITAL DISORDER OF GLYCOSYLATION, TYPE Ig; CDG1G;;CDG Ig; CDGIg	607143
ALG9	11	111782195	111871581	ENSG00000086848	606941	ALG9, S. CEREVISIAE, HOMOLOG OF; ALG9;;DISRUPTED IN BIPOLAR DISORDER 1; DIBD1	GILLESSEN-KAESBACH-NISHIMURA SYNDROME; GIKANIS;;POLYCYSTIC KIDNEY DISEASE, AUTOSOMAL RECESSIVE, WITH MICROBRACHYCEPHALY, HYPERTELORISM, AND BRACHYMELIA	263210
ALG9	11	111782195	111871581	ENSG00000086848	606941	ALG9, S. CEREVISIAE, HOMOLOG OF; ALG9;;DISRUPTED IN BIPOLAR DISORDER 1; DIBD1	CONGENITAL DISORDER OF GLYCOSYLATION, TYPE Il; CDG1L;;CDG Il; CDGIl	608776
ALX1	12	85280220	85301784	ENSG00000180318	601527	ARISTALESS-LIKE HOMEOBOX 1; ALX1;;CARTILAGE HOMEOPROTEIN 1; CART1	FRONTONASAL DYSPLASIA 3; FND3	613456
AMBRA1	11	46396414	46594125	ENSG00000110497	611359	ACTIVATING MOLECULE IN BECLIN 1-REGULATED AUTOPHAGY; AMBRA1;;DDB1- AND CUL4-ASSOCIATED FACTOR 3; DCAF3;;KIAA1736		NA
ANKHD1	5	140401814	140539856	ENSG00000131503	610500	ANKYRIN REPEAT AND KH DOMAIN-CONTAINING PROTEIN 1; ANKHD1;;MULTIPLE ANKYRIN REPEATS, SINGLE KH-DOMAIN, DROSOPHILA, HOMOLOG OF; MASK;;KIAA1085  MASK-BP3, INCLUDED;;VPR-BINDING ANKYRIN REPEAT PROTEIN, INCLUDED; VBARP, INCLUDED		NA
APEX1	14	20455191	20457772	ENSG00000100823	107748	APEX NUCLEASE 1; APEX1;;APURINIC ENDONUCLEASE; APE; APE1;;HUMAN APURINIC ENDONUCLEASE 1; HAP1;;APURINIC/APYRIMIDINIC EXONUCLEASE;;REDOX FACTOR 1; REF1		NA
ARHGAP1	11	46677080	46700619	ENSG00000175220	602732	RHO GTPase-ACTIVATING PROTEIN 1; ARHGAP1;;GTPase-ACTIVATING PROTEIN, RHO, 1;;RHOGAP1;;RHOGAP;;CDC42GAP		NA
ARHGAP21	10	24583609	24723887	ENSG00000107863	609870	RHO GTPase-ACTIVATING PROTEIN 21; ARHGAP21;;GTPase-ACTIVATING PROTEIN, RHO, 21;;KIAA1424;;RHO GTPase-ACTIVATING PROTEIN 10, FORMERLY; ARHGAP10, FORMERLY		NA
ARHGAP31	3	119294383	119420714	ENSG00000031081	610911	RHO GTPase-ACTIVATING PROTEIN 31; ARHGAP31;;CDC42 GTPase-ACTIVATING PROTEIN; CDGAP;;KIAA1204	ADAMS-OLIVER SYNDROME 1; AOS1;;AOS;;ABSENCE DEFECT OF LIMBS, SCALP, AND SKULL;;CONGENITAL SCALP DEFECTS WITH DISTAL LIMB REDUCTION ANOMALIES;;APLASIA CUTIS CONGENITA WITH TERMINAL TRANSVERSE LIMB DEFECTS APLASIA CUTIS CONGENITA, CONGENITAL HEART DEF /.../ND FRONTONASAL CYSTS, INCLUDED	100300
ARHGEF2	1	155946851	156007070	ENSG00000116584	607560	RHO GUANINE NUCLEOTIDE EXCHANGE FACTOR 2; ARHGEF2;;GEFH1;;KIAA0651	NEURODEVELOPMENTAL DISORDER WITH MIDBRAIN AND HINDBRAIN MALFORMATIONS; NEDMHM	617523
ASCL2	11	2268495	2270952	ENSG00000183734	601886	ACHAETE-SCUTE FAMILY bHLH TRANSCRIPTION FACTOR 2; ASCL2;;ACHAETE-SCUTE COMPLEX, DROSOPHILA, HOMOLOG OF, 2;;ACHAETE-SCUTE HOMOLOG 2; ASH2; HASH2		NA
ASPM	1	197084127	197146694	ENSG00000066279	605481	ABNORMAL SPINDLE-LIKE, MICROCEPHALY-ASSOCIATED; ASPM;;ASP, DROSOPHILA, HOMOLOG OF;;MCPH5 GENE	MICROCEPHALY 5, PRIMARY, AUTOSOMAL RECESSIVE; MCPH5	608716
ASTN1	1	176857302	177164973	ENSG00000152092	600904	ASTROTACTIN 1; ASTN1;;ASTROTACTIN; ASTN		NA
ATAD2B	2	23748664	23927123	ENSG00000119778	615347	ATPase FAMILY, AAA DOMAIN-CONTAINING, MEMBER 2B; ATAD2B;;KIAA1240		NA
ATF7IP	12	14365632	14502935	ENSG00000171681	613644	ACTIVATING TRANSCRIPTION FACTOR 7-INTERACTING PROTEIN; ATF7IP;;ATF7-INTERACTING PROTEIN;;ATFA MODULATOR, MOUSE, HOMOLOG OF; AM;;MBD1-CONTAINING CHROMATIN-ASSOCIATED FACTOR; MCAF;;MCAF1		NA
ATG4B	2	241637213	241673857	ENSG00000168397	611338	AUTOPHAGY 4, S. CEREVISIAE, HOMOLOG OF, B; ATG4B;;APG4, S. CEREVISIAE, HOMOLOG OF, B; APG4B;;AUTOPHAGIN 1;;AUTL1;;KIAA0943		NA
ATP13A3	3	194402672	194498364	ENSG00000133657	610232	ATPase, TYPE 13A3; ATP13A3;;ATPase FAMILY HOMOLOG UPREGULATED IN SENESCENCE CELLS; AFURS1		NA
ATP6V1B2	8	20197381	20226819	ENSG00000147416	606939	ATPase, H+ TRANSPORTING, LYSOSOMAL, 56/58-KD, V1 SUBUNIT B, ISOFORM 2; ATP6V1B2;;ATP6B2;;VACUOLAR PROTON PUMP B ISOFORM 2	DEAFNESS, CONGENITAL, WITH ONYCHODYSTROPHY, AUTOSOMAL DOMINANT; DDOD;;DDOD SYNDROME	124480
ATP6V1B2	8	20197381	20226819	ENSG00000147416	606939	ATPase, H+ TRANSPORTING, LYSOSOMAL, 56/58-KD, V1 SUBUNIT B, ISOFORM 2; ATP6V1B2;;ATP6B2;;VACUOLAR PROTON PUMP B ISOFORM 2	ZIMMERMANN-LABAND SYNDROME 2; ZLS2	616455
ATP6V1F	7	128862856	128865847	ENSG00000128524	607160	ATPase, H+ TRANSPORTING, LYSOSOMAL, 14-KD, V1 SUBUNIT F; ATP6V1F;;VACUOLAR ATPase, 14-KD SUBUNIT		NA
ATXN2L	16	28823035	28837237	ENSG00000168488	607931	ATAXIN 2-LIKE; ATXN2L		NA
AURKB	17	8204733	8210600	ENSG00000178999	604970	AURORA KINASE B; AURKB;;SERINE/THREONINE PROTEIN KINASE 12; STK12;;AURORA-RELATED KINASE 2; ARK2;;AURORA/IPL1-LIKE KINASE 2; AIK2;;AIM1, RAT, HOMOLOG OF; AIM1		NA
BARD1	2	214725646	214809683	ENSG00000138376	601593	BRCA1-ASSOCIATED RING DOMAIN 1; BARD1	BREAST CANCER;;BREAST CANCER, FAMILIAL BREAST CANCER, FAMILIAL MALE, INCLUDED	114480
BBS4	15	72686179	72738475	ENSG00000140463	600374	BBS4 GENE; BBS4	BARDET-BIEDL SYNDROME 4; BBS4	615982
BHLHE40	3	4979437	4985323	ENSG00000134107	604256	BASIC HELIX-LOOP-HELIX FAMILY, MEMBER E40; BHLHE40;;BASIC HELIX-LOOP-HELIX DOMAIN-CONTAINING PROTEIN, CLASS B, 2; BHLHB2;;DEC1;;STRA13, MOUSE, HOMOLOG OF;;ENHANCER OF SPLIT- AND HAIRY-RELATED PROTEIN 2, RAT, HOMOLOG OF; SHARP2		NA
BIN1	2	127048027	127107288	ENSG00000136717	601248	BRIDGING INTEGRATOR 1; BIN1;;AMPHIPHYSIN II; AMPH2;;BOX-DEPENDENT MYC-INTERACTING PROTEIN 1;;AMPHIPHYSIN-LIKE, FORMERLY; AMPHL, FORMERLY	MYOPATHY, CENTRONUCLEAR, 2; CNM2;;MYOPATHY, CENTRONUCLEAR, AUTOSOMAL RECESSIVE;;MYOTUBULAR MYOPATHY, AUTOSOMAL RECESSIVE	255200
BNIP1	5	173144442	173164387	ENSG00000113734	603291	BCL2/ADENOVIRUS E1B 19-KD PROTEIN-INTERACTING PROTEIN 1; BNIP1;;NIP1		NA
BORA	13	72727749	72756198	ENSG00000136122	610510	AURORA BOREALIS; BORA;;CHROMOSOME 13 OPEN READING FRAME 34; C13ORF34		NA
BRINP1	9	119153458	119369435	ENSG00000078725	602865	BONE MORPHOGENETIC PROTEIN/RETINOIC ACID-INDUCIBLE NEURAL-SPECIFIC PROTEIN 1; BRINP1;;DELETED IN BLADDER CANCER 1; DBC1;;DELETED IN BLADDER CANCER CHROMOSOME REGION CANDIDATE 1; DBCCR1		NA
BRIP1	17	61679139	61863528	ENSG00000136492	605882	BRCA1-INTERACTING PROTEIN 1; BRIP1;;BRCA1-ASSOCIATED C-TERMINAL HELICASE 1; BACH1;;DELETIONS OF GUANINE-RICH DNA, C. ELEGANS, HOMOLOG OF;;DOG1, HOMOLOG OF;;FANCJ GENE; FANCJ	BREAST CANCER;;BREAST CANCER, FAMILIAL BREAST CANCER, FAMILIAL MALE, INCLUDED	114480
BRIP1	17	61679139	61863528	ENSG00000136492	605882	BRCA1-INTERACTING PROTEIN 1; BRIP1;;BRCA1-ASSOCIATED C-TERMINAL HELICASE 1; BACH1;;DELETIONS OF GUANINE-RICH DNA, C. ELEGANS, HOMOLOG OF;;DOG1, HOMOLOG OF;;FANCJ GENE; FANCJ	FANCONI ANEMIA, COMPLEMENTATION GROUP J; FANCJ	609054
BTF3	5	73498408	73505635	ENSG00000145741	602542	BASIC TRANSCRIPTION FACTOR 3; BTF3;;NASCENT POLYPEPTIDE-ASSOCIATED COMPLEX, BETA POLYPEPTIDE; NACB;;BETA-NAC  BTF3A, INCLUDED;;BTF3B, INCLUDED		NA
BUB1	2	110637528	110678063	ENSG00000169679	602452	BUB1 MITOTIC CHECKPOINT SERINE/THREONINE KINASE; BUB1;;BUDDING UNINHIBITED BY BENZIMIDAZOLES 1, S. CEREVISIAE, HOMOLOG OF;;BUB1, S. CEREVISIAE, HOMOLOG OF;;MITOTIC CHECKPOINT GENE BUB1;;BUB1A	COLORECTAL CANCER; CRC;;COLON CANCER	114500
CACNA1I	22	39570753	39689735	ENSG00000100346	608230	CALCIUM CHANNEL, VOLTAGE-DEPENDENT, T TYPE, ALPHA-1I SUBUNIT; CACNA1I;;KIAA1120		NA
CASP9	1	15490832	15526534	ENSG00000132906	602234	CASPASE 9, APOPTOSIS-RELATED CYSTEINE PROTEASE; CASP9;;APOPTOTIC PROTEASE ACTIVATING FACTOR 3; APAF3		NA
CCDC22	X	49235470	49250520	ENSG00000101997	300859	COILED-COIL DOMAIN-CONTAINING PROTEIN 22; CCDC22	RITSCHER-SCHINZEL SYNDROME 2; RTSC2	300963
CCDC6	10	59788747	59906556	ENSG00000108091	601985	COILED-COIL DOMAIN-CONTAINING PROTEIN 6; CCDC6;;H4 GENE;;D10S170;;TRANSFORMING SEQUENCE, THYROID 1; TST1 PTC1 CHIMERIC ONCOGENE, INCLUDED;;H4/RET FUSION GENE, INCLUDED;;H4/PDGFRB FUSION GENE, INCLUDED		NA
CDC42BPA	1	226989865	227318474	ENSG00000143776	603412	CDC42-BINDING PROTEIN KINASE, ALPHA; CDC42BPA;;CDC42BP-ALPHA;;PROTEIN KINASE, SERINE/THREONINE, RELATED TO THE MYOTONIC DYSTROPHY PROTEIN KINASE;;PK428;;MYOTONIC DYSTROPHY KINASE-RELATED CDC42-BINDING KINASE, ALPHA; MRCKA;;MRCK-ALPHA		NA
CDC6	17	40287879	40304657	ENSG00000094804	602627	CELL DIVISION CYCLE 6; CDC6;;CELL DIVISION CYCLE 6, S. CEREVISIAE, HOMOLOG OF;;CELL DIVISION CYCLE 18, S. POMBE, HOMOLOG-LIKE; CDC18L;;CELL CYCLE CONTROLLER CDC6	MEIER-GORLIN SYNDROME 5; MGORS5	613805
CEBPZ	2	37201612	37231596	ENSG00000115816	612828	CCAAT/ENHANCER-BINDING PROTEIN, ZETA; CEBPZ;;CBF;;NUCLEOLAR COMPLEX-ASSOCIATED PROTEIN 1, S. CEREVISIAE, HOMOLOG OF; NOC1		NA
CELSR1	22	46360834	46537620	ENSG00000075275	604523	CADHERIN EGF LAG SEVEN-PASS G-TYPE RECEPTOR 1; CELSR1;;FLAMINGO, DROSOPHILA, HOMOLOG OF, 2; FMI2		NA
CENPH	5	69189574	69210357	ENSG00000153044	605607	CENTROMERIC PROTEIN H; CENPH		NA
CFAP298	21	32592079	32612603	ENSG00000159079	615494	CHROMOSOME 21 OPEN READING FRAME 59; C21ORF59	CILIARY DYSKINESIA, PRIMARY, 26; CILD26;;CILIARY DYSKINESIA, PRIMARY, 26, WITH OR WITHOUT SITUS INVERSUS	615500
CFAP47	X	35919734	36385317	ENSG00000165164	NA			NA
CHTOP	1	153633982	153646306	ENSG00000160679	614206	CHROMATIN TARGET OF PRMT1; CHTOP;;CHROMOSOME 1 OPEN READING FRAME 77; C1OORF77;;SMALL PROTEIN RICH IN ARGININE AND GLYCINE; SRAG;;FRIEND OF PRMT1; FOP		NA
CINP	14	102341102	102362916	ENSG00000100865	613362	CDK2-INTERACTING PROTEIN; CINP		NA
CLASP1	2	121337776	121649476	ENSG00000074054	605852	CYTOPLASMIC LINKER-ASSOCIATED PROTEIN 1; CLASP1;;CLIP-ASSOCIATED PROTEIN 1		NA
CLK3	15	74598500	74645414	ENSG00000179335	602990	CDC-LIKE KINASE 3; CLK3		NA
CLSTN3	CHR_HG1398_PATCH	7128929	7158176	ENSG00000288427	611324	CALSYNTENIN 3; CLSTN3;;ALCADEIN, BETA;;ALC-BETA;;KIAA0726 CALSYNTENIN 3-BETA, INCLUDED; CLSTN3B, INCLUDED		NA
CLSTN3	12	7129698	7158945	ENSG00000139182	611324	CALSYNTENIN 3; CLSTN3;;ALCADEIN, BETA;;ALC-BETA;;KIAA0726 CALSYNTENIN 3-BETA, INCLUDED; CLSTN3B, INCLUDED		NA
CMPK1	1	47333797	47378839	ENSG00000162368	191710	CYTIDINE MONOPHOSPHATE (UMP-CMP) KINASE 1, CYTOSOLIC; CMPK1;;CYTIDINE MONOPHOSPHATE KINASE; CMPK;;CYTIDYLATE KINASE; CMK;;URIDINE MONOPHOSPHATE/CYTIDINE MONOPHOSPHATE KINASE;;UMP/CMP KINASE;;UMP/CMPK;;URIDINE MONOPHOSPHATE KINASE; UMPK; UMK		NA
COL4A1	13	110148963	110307157	ENSG00000187498	120130	COLLAGEN, TYPE IV, ALPHA-1; COL4A1;;COLLAGEN OF BASEMENT MEMBRANE, ALPHA-1 CHAIN ARRESTEN, INCLUDED	HEMORRHAGE, INTRACEREBRAL, SUSCEPTIBILITY TO; ICH;;STROKE, HEMORRHAGIC, SUSCEPTIBILITY TO	614519
COL4A1	13	110148963	110307157	ENSG00000187498	120130	COLLAGEN, TYPE IV, ALPHA-1; COL4A1;;COLLAGEN OF BASEMENT MEMBRANE, ALPHA-1 CHAIN ARRESTEN, INCLUDED	ANGIOPATHY, HEREDITARY, WITH NEPHROPATHY, ANEURYSMS, AND MUSCLE CRAMPS; HANAC	611773
COL4A1	13	110148963	110307157	ENSG00000187498	120130	COLLAGEN, TYPE IV, ALPHA-1; COL4A1;;COLLAGEN OF BASEMENT MEMBRANE, ALPHA-1 CHAIN ARRESTEN, INCLUDED	MICROANGIOPATHY AND LEUKOENCEPHALOPATHY, PONTINE, AUTOSOMAL DOMINANT; PADMAL;;DEMENTIA, HEREDITARY MULTI-INFARCT, SWEDISH TYPE	618564
COL4A1	13	110148963	110307157	ENSG00000187498	120130	COLLAGEN, TYPE IV, ALPHA-1; COL4A1;;COLLAGEN OF BASEMENT MEMBRANE, ALPHA-1 CHAIN ARRESTEN, INCLUDED	RETINAL ARTERIES, TORTUOSITY OF; RATOR;;RETINAL HEMORRHAGE WITH VASCULAR TORTUOSITY	180000
COL4A1	13	110148963	110307157	ENSG00000187498	120130	COLLAGEN, TYPE IV, ALPHA-1; COL4A1;;COLLAGEN OF BASEMENT MEMBRANE, ALPHA-1 CHAIN ARRESTEN, INCLUDED	BRAIN SMALL VESSEL DISEASE 1 WITH OR WITHOUT OCULAR ANOMALIES; BSVD1;;HEMIPLEGIA, INFANTILE, WITH PORENCEPHALY;;BRAIN SMALL VESSEL DISEASE WITH HEMORRHAGE;;RETINAL ARTERIOLAR TORTUOSITY, INFANTILE HEMIPARESIS, AND LEUKOENCEPHALOPATHY, AUTOSOMAL DOMI /.../BRAIN SMALL VESSEL DISEASE WITH AXENFELD-RIEGER ANOMALY;;LEUKOENCEPHALOPATHY WITH AXENFELD-RIEGER ANOMALY;;PORENCEPHALY, TYPE 1, FORMERLY; T1P, FORMERLY;;PORENCEPHALY, TYPE 1, AUTOSOMAL DOMINANT, FORMERLY; ADT1P, FORMERLY;;PORENCEPHALY 1, FORMERLY; POREN1, FORMERLY	175780
COL4A5	X	108439838	108697545	ENSG00000188153	303630	COLLAGEN, TYPE IV, ALPHA-5; COL4A5;;COLLAGEN OF BASEMENT MEMBRANE, ALPHA-5 CHAIN	ALPORT SYNDROME 1, X-LINKED; ATS1;;ATS;;NEPHROPATHY AND DEAFNESS, X-LINKED	301050
COL5A1	9	134641803	134844843	ENSG00000130635	120215	COLLAGEN, TYPE V, ALPHA-1; COL5A1	EHLERS-DANLOS SYNDROME, CLASSIC TYPE, 2; EDSCL2;;EHLERS-DANLOS SYNDROME, TYPE II, FORMERLY; EDS2, FORMERLY;;EHLERS DANLOS SYNDROME, MILD CLASSIC TYPE, FORMERLY;;EDS II, FORMERLY;;EHLERS DANLOS SYNDROME, MITIS TYPE, FORMERLY	130010
COL5A1	9	134641803	134844843	ENSG00000130635	120215	COLLAGEN, TYPE V, ALPHA-1; COL5A1	EHLERS-DANLOS SYNDROME, CLASSIC TYPE, 1; EDSCL1;;EHLERS-DANLOS SYNDROME, TYPE I, FORMERLY; EDS1, FORMERLY;;EHLERS-DANLOS SYNDROME, SEVERE CLASSIC TYPE, FORMERLY;;EDS I, FORMERLY;;EHLERS-DANLOS SYNDROME, GRAVIS TYPE, FORMERLY	130000
COP1	1	175944831	176207286	ENSG00000143207	608067	RING FINGER AND WD REPEAT DOMAINS-CONTAINING PROTEIN 2; RFWD2;;CONSTITUTIVE PHOTOMORPHOGENESIS PROTEIN 1, ARABIDOPSIS, HOMOLOG OF; COP1		NA
COPG1	3	129249606	129277773	ENSG00000181789	615525	COATOMER PROTEIN COMPLEX, SUBUNIT GAMMA-1; COPG1;;COP, GAMMA-1		NA
COPS4	4	83034447	83075818	ENSG00000138663	616008	COP9 SIGNALOSOME, SUBUNIT 4; COPS4;;CSN4		NA
COQ2	4	83261536	83284914	ENSG00000173085	609825	COENZYME Q2, POLYPRENYLTRANSFERASE; COQ2;;COQ2, S. CEREVISIAE, HOMOLOG OF;;PARAHYDROXYBENZOATE-POLYPRENYLTRANSFERASE, MITOCHONDRIAL	MULTIPLE SYSTEM ATROPHY 1, SUSCEPTIBILITY TO; MSA1;;MSA1, SUSCEPTIBILITY TO AUTONOMIC FAILURE, PURE, INCLUDED;;HYPOTENSION, ORTHOSTATIC, INCLUDED	146500
COQ2	4	83261536	83284914	ENSG00000173085	609825	COENZYME Q2, POLYPRENYLTRANSFERASE; COQ2;;COQ2, S. CEREVISIAE, HOMOLOG OF;;PARAHYDROXYBENZOATE-POLYPRENYLTRANSFERASE, MITOCHONDRIAL	COENZYME Q10 DEFICIENCY, PRIMARY, 1; COQ10D1;;CoQ10 DEFICIENCY, PRIMARY, 1;;UBIQUINONE DEFICIENCY 1;;COENZYME Q DEFICIENCY 1;;CoQ DEFICIENCY 1	607426
COQ5	12	120503279	120534434	ENSG00000110871	616359	COENZYME Q5, METHYLTRANSFERASE; COQ5;;COQ5, S. CEREVISIAE, HOMOLOG OF		NA
COX19	7	898778	975549	ENSG00000240230	610429	CYTOCHROME c OXIDASE ASSEMBLY FACTOR COX19; COX19;;COX19, S. CEREVISIAE, HOMOLOG OF		NA
CPT1A	11	68754620	68844410	ENSG00000110090	600528	CARNITINE PALMITOYLTRANSFERASE I, LIVER; CPT1A;;CPT IA;;CPT I, LIVER;;CPT1	CARNITINE PALMITOYLTRANSFERASE I DEFICIENCY;;CARNITINE PALMITOYLTRANSFERASE IA DEFICIENCY;;CPT I DEFICIENCY;;CPT DEFICIENCY, HEPATIC, TYPE I	255120
CRNKL1	20	20034368	20056046	ENSG00000101343	610952	CROOKED NECK PRE-mRNA SPLICING FACTOR-LIKE 1; CRNKL1;;CROOKED NECK, DROSOPHILA, HOMOLOG OF; CRN		NA
CRY2	11	45847118	45883248	ENSG00000121671	603732	CRYPTOCHROME 2; CRY2		NA
CSNK1G1	15	64165525	64356173	ENSG00000169118	606274	CASEIN KINASE I, GAMMA-1; CSNK1G1		NA
CSTB	21	43772511	43776330	ENSG00000160213	601145	CYSTATIN B; CSTB;;STEFIN B; STFB	MYOCLONIC EPILEPSY OF UNVERRICHT AND LUNDBORG;;ULD;;EPILEPSY, PROGRESSIVE MYOCLONIC, 1A; EPM1A;;EPILEPSY, PROGRESSIVE MYOCLONIC, 1; EPM1;;PROGRESSIVE MYOCLONIC EPILEPSY; PME;;BALTIC MYOCLONIC EPILEPSY	254800
CTNNA2	2	79185231	80648861	ENSG00000066032	114025	CATENIN, ALPHA-2; CTNNA2;;ALPHA-N-CATENIN;;CADHERIN-ASSOCIATED PROTEIN, RELATED; CAPR	CORTICAL DYSPLASIA, COMPLEX, WITH OTHER BRAIN MALFORMATIONS 9; CDCBM9	618174
CUL2	10	35008551	35090642	ENSG00000108094	603135	CULLIN 2; CUL2		NA
CWC22	2	179944876	180007297	ENSG00000163510	615186	CWC22 SPLICEOSOME-ASSOCIATED PROTEIN HOMOLOG; CWC22;;CWC22 SPLICEOSOME-ASSOCIATED PROTEIN, S. CEREVISIAE, HOMOLOG OF;;KIAA1604;;NUCAMPHOLIN, DROSOPHILA, HOMOLOG OF; NCM		NA
DBN1	5	177456608	177474401	ENSG00000113758	126660	DREBRIN E; DBN1		NA
DBR1	3	138160988	138174921	ENSG00000138231	607024	DEBRANCHING ENZYME 1, S. CEREVISIAE, HOMOLOG OF; DBR1		NA
DCLK1	13	35768652	36131382	ENSG00000133083	604742	DOUBLECORTIN-LIKE KINASE 1; DCLK1;;DOUBLECORTIN- AND CALMODULIN KINASE-LIKE 1; DCAMKL1;;CAMK-LIKE CREB REGULATORY KINASE 1; CLICK1; CL1;;KIAA0369		NA
DCP2	5	112976702	113022195	ENSG00000172795	609844	DECAPPING ENZYME 2, S. CEREVISIAE, HOMOLOG OF; DCP2;;DCP2, S. CEREVISIAE, HOMOLOG OF;;NUDIX HYDROLASE 20; NUDT20		NA
DCTN5	16	23641466	23677472	ENSG00000166847	612962	DYNACTIN 5; DCTN5;;p25		NA
DDHD1	14	53036745	53153323	ENSG00000100523	614603	DDHD DOMAIN-CONTAINING PROTEIN 1; DDHD1;;PHOSPHATIDIC ACID-PREFERRING PHOSPHOLIPASE A1; PAPLA1;;KIAA1705	SPASTIC PARAPLEGIA 28, AUTOSOMAL RECESSIVE; SPG28	609340
DDN	12	48995149	48999375	ENSG00000181418	610588	DENDRIN; DDN;;KIAA0749		NA
DDX19A	16	70346861	70373383	ENSG00000168872	NA			NA
DDX20	1	111755245	111768000	ENSG00000064703	606168	DEAD/H BOX 20; DDX20;;DP103;;GEMIN3		NA
DEPDC5	22	31753867	31908033	ENSG00000100150	614191	DEP DOMAIN-CONTAINING PROTEIN 5; DEPDC5;;KIAA0645	EPILEPSY, FAMILIAL FOCAL, WITH VARIABLE FOCI 1; FFEVF1;;EPILEPSY, FAMILIAL FOCAL, WITH VARIABLE FOCI; FFEVF;;EPILEPSY, PARTIAL, WITH VARIABLE FOCI; FPEVF	604364
DGKA	12	55927319	55954027	ENSG00000065357	125855	DIACYLGLYCEROL KINASE, ALPHA, 80-KD; DGKA;;DIACYLGLYCEROL KINASE, ALPHA; DAGK1;;DAGK, 80-KD;;DGK-ALPHA		NA
DIP2B	12	50504985	50748657	ENSG00000066084	611379	DISCO-INTERACTING PROTEIN 2 HOMOLOG B; DIP2B;;DISCO-INTERACTING PROTEIN 2, DROSOPHILA, HOMOLOG OF, B;;KIAA1463	MENTAL RETARDATION, FRA12A TYPE	136630
DLG1	3	197042560	197299330	ENSG00000075711	601014	DISCS LARGE MAGUK SCAFFOLD PROTEIN 1; DLG1;;DISCS LARGE, DROSOPHILA, HOMOLOG OF, 1;;SYNAPSE-ASSOCIATED PROTEIN 97; SAP97		NA
DLST	14	74881891	74903743	ENSG00000119689	126063	DIHYDROLIPOAMIDE S-SUCCINYLTRANSFERASE; DLST;;ALPHA-KETOGLUTARATE DEHYDROGENASE COMPLEX, E2 COMPONENT	PARAGANGLIOMAS 7; PGL7	618475
DNLZ	9	136359480	136363744	ENSG00000213221	NA			NA
DOLK	9	128945530	128947603	ENSG00000175283	610746	DOLICHOL KINASE; DOLK;;DOLICHOL KINASE 1; DK1;;SEC59, YEAST, HOMOLOG OF; SEC59;;KIAA1094;;TRANSMEMBRANE PROTEIN 15, FORMERLY; TMEM15, FORMERLY	CONGENITAL DISORDER OF GLYCOSYLATION, TYPE Im; CDG1M;;CDG Im; CDGIm;;DOLICHOL KINASE DEFICIENCY;;DK1 DEFICIENCY	610768
DYNC1LI1	3	32525974	32570858	ENSG00000144635	615890	DYNEIN, CYTOPLASMIC 1, LIGHT INTERMEDIATE CHAIN 1; DYNC1LI1;;LIGHT INTERMEDIATE CHAIN 1; LIC1;;DYNEIN LIGHT CHAIN A		NA
DYRK2	12	67648338	67665406	ENSG00000127334	603496	DUAL-SPECIFICITY TYROSINE PHOSPHORYLATION-REGULATED KINASE 2; DYRK2		NA
E4F1	16	2223580	2235742	ENSG00000167967	603022	E4F TRANSCRIPTION FACTOR 1; E4F1;;TRANSCRIPTION FACTOR E4F; E4F;;p120 E4F		NA
EAF1	3	15427598	15450635	ENSG00000144597	608315	ELL-ASSOCIATED FACTOR 1; EAF1		NA
ECE1	1	21217247	21345572	ENSG00000117298	600423	ENDOTHELIN-CONVERTING ENZYME 1; ECE1;;ECE	HYPERTENSION, ESSENTIAL;;EHT	145500
ECE1	1	21217247	21345572	ENSG00000117298	600423	ENDOTHELIN-CONVERTING ENZYME 1; ECE1;;ECE	HIRSCHSPRUNG DISEASE, CARDIAC DEFECTS, AND AUTONOMIC DYSFUNCTION; HCAD	613870
ECEL1	2	232479827	232487834	ENSG00000171551	605896	ENDOTHELIN-CONVERTING ENZYME-LIKE 1; ECEL1;;XCE	ARTHROGRYPOSIS, DISTAL, TYPE 5D; DA5D	615065
EGLN1	1	231363751	231422287	ENSG00000135766	606425	EGL9 FAMILY HYPOXIA-INDUCIBLE FACTOR 1; EGLN1;;EGL9, C. ELEGANS, HOMOLOG OF, 1;;PROLYL HYDROXYLASE DOMAIN-CONTAINING PROTEIN 2; PHD2;;HYPOXIA-INDUCIBLE FACTOR PROLYL 4-HYDROXYLASE 2; HPH2; HIFPH2; HIFP4H2;;HIF PROLYL 4-HYDROXYLASE 2;;CHROMOSOME 1 OP /.../DING FRAME 12; C1ORF12;;SM20, RAT, HOMOLOG OF; SM20;;ZINC FINGER MYND DOMAIN-CONTAINING PROTEIN 6; ZMYND6	ERYTHROCYTOSIS, FAMILIAL, 3; ECYT3	609820
EGLN1	1	231363751	231422287	ENSG00000135766	606425	EGL9 FAMILY HYPOXIA-INDUCIBLE FACTOR 1; EGLN1;;EGL9, C. ELEGANS, HOMOLOG OF, 1;;PROLYL HYDROXYLASE DOMAIN-CONTAINING PROTEIN 2; PHD2;;HYPOXIA-INDUCIBLE FACTOR PROLYL 4-HYDROXYLASE 2; HPH2; HIFPH2; HIFP4H2;;HIF PROLYL 4-HYDROXYLASE 2;;CHROMOSOME 1 OP /.../DING FRAME 12; C1ORF12;;SM20, RAT, HOMOLOG OF; SM20;;ZINC FINGER MYND DOMAIN-CONTAINING PROTEIN 6; ZMYND6	HEMOGLOBIN, HIGH ALTITUDE ADAPTATION; HALAH;;HEMOGLOBIN, HIGH OXYGEN SATURATION OF	609070
EIF3I	1	32221928	32231604	ENSG00000084623	603911	EUKARYOTIC TRANSLATION INITIATION FACTOR 3, SUBUNIT I; EIF3I;;TGF-BETA RECEPTOR-INTERACTING PROTEIN 1; TRIP1;;EIF3-p36;;EIF3-BETA;;EUKARYOTIC TRANSLATION INITIATION FACTOR 3, SUBUNIT 2, FORMERLY; EIF3S2, FORMERLY		NA
EIF5B	2	99337371	99401326	ENSG00000158417	606086	EUKARYOTIC TRANSLATION INITIATION FACTOR 5B; EIF5B;;TRANSLATION INITIATION FACTOR IF2; IF2		NA
ELMO1	7	36854361	37449249	ENSG00000155849	606420	ENGULFMENT AND CELL MOTILITY GENE 1; ELMO1;;CED12, C. ELEGANS, HOMOLOG OF, 1		NA
ELP5	17	7251416	7259940	ENSG00000170291	615019	ELONGATOR ACETYLTRANSFERASE COMPLEX, SUBUNIT 5; ELP5;;DERMAL PAPILLA-DERIVED PROTEIN 6; DERP6;;CHROMOSOME 17 OPEN READING FRAME 81; C17ORF81		NA
ELP5	CHR_HG2087_PATCH	7251416	7259940	ENSG00000288485	615019	ELONGATOR ACETYLTRANSFERASE COMPLEX, SUBUNIT 5; ELP5;;DERMAL PAPILLA-DERIVED PROTEIN 6; DERP6;;CHROMOSOME 17 OPEN READING FRAME 81; C17ORF81		NA
EML1	14	99737693	99942060	ENSG00000066629	602033	ECHINODERM MICROTUBULE-ASSOCIATED PROTEIN-LIKE 1; EML1;;ECHINODERM MICROTUBULE-ASSOCIATED PROTEIN-LIKE; EMAPL;;EMAP	BAND HETEROTOPIA; BH	600348
ENDOG	9	128818500	128822676	ENSG00000167136	600440	ENDONUCLEASE G, MITOCHONDRIAL; ENDOG		NA
EOMES	3	27715949	27722711	ENSG00000163508	604615	EOMESODERMIN, XENOPUS, HOMOLOG OF; EOMES;;T-BOX, BRAIN, 2; TBR2		NA
EP300	22	41092592	41180077	ENSG00000100393	602700	E1A-BINDING PROTEIN, 300-KD; EP300;;p300	RUBINSTEIN-TAYBI SYNDROME 1; RSTS1;;RSTS;;RUBINSTEIN SYNDROME;;BROAD THUMBS AND GREAT TOES, CHARACTERISTIC FACIES, AND MENTAL RETARDATION;;BROAD THUMB-HALLUX SYNDROME	180849
EP300	22	41092592	41180077	ENSG00000100393	602700	E1A-BINDING PROTEIN, 300-KD; EP300;;p300	MENKE-HENNEKAM SYNDROME 2; MKHK2	618333
EP300	22	41092592	41180077	ENSG00000100393	602700	E1A-BINDING PROTEIN, 300-KD; EP300;;p300	RUBINSTEIN-TAYBI SYNDROME 2; RSTS2	613684
EP300	22	41092592	41180077	ENSG00000100393	602700	E1A-BINDING PROTEIN, 300-KD; EP300;;p300	COLORECTAL CANCER; CRC;;COLON CANCER	114500
EPC2	2	148644440	148787569	ENSG00000135999	611000	ENHANCER OF POLYCOMB, DROSOPHILA, HOMOLOG OF, 2; EPC2;;EPC-LIKE		NA
EPHB1	3	134597801	135260467	ENSG00000154928	600600	EPHRIN RECEPTOR EphB1; EPHB1;;NEURONALLY EXPRESSED EPH-RELATED TYROSINE KINASE; NET;;EPH TYROSINE KINASE 2; EPHT2;;HEK6;;ELK		NA
ESCO1	18	21529284	21600884	ENSG00000141446	609674	ESTABLISHMENT OF SISTER CHROMATID COHESION N-ACEYTLTRANSFERASE 1; ESCO1;;ESTABLISHMENT OF COHESION 1, S. CEREVISIAE, HOMOLOG OF, 1;;ECO1, S. CEREVISIAE, HOMOLOG OF, 1;;CTF7, S. CEREVISIAE, HOMOLOG OF, 1;;ESO1, S. POMBE, HOMOLOG OF, 1;;ESTABLISHMENT  /.../ ORTHOLOG 1; EFO1;;KIAA1911		NA
EXOC7	17	76081016	76121576	ENSG00000182473	608163	EXOCYST COMPLEX COMPONENT 7; EXOC7;;EXO70, S. CEREVISIAE, HOMOLOG OF; EXO70;;KIAA1067		NA
FAM193B	5	177519789	177554563	ENSG00000146067	615813	FAMILY WITH SEQUENCE SIMILARITY 193, MEMBER B; FAM193B;;IRIZIO;;KIAA1931		NA
FAM98B	15	38454127	38487710	ENSG00000171262	616142	FAMILY WITH SEQUENCE SIMILARITY 98, MEMBER B; FAM98B		NA
FANCE	6	35452338	35467102	ENSG00000112039	613976	FANCE GENE; FANCE	FANCONI ANEMIA, COMPLEMENTATION GROUP E; FANCE;;FACE	600901
FBLN1	22	45502238	45601135	ENSG00000077942	135820	FIBULIN 1; FBLN1	SYNPOLYDACTYLY 2; SPD2;;SYNPOLYDACTYLY, 3/3-PRIME/4, ASSOCIATED WITH METACARPAL AND METATARSAL SYNOSTOSES	608180
FBXO30	6	145793502	145814795	ENSG00000118496	609101	F-BOX ONLY PROTEIN 30; FBXO30;;FBX30		NA
FITM2	20	44302840	44311202	ENSG00000197296	612029	FAT STORAGE-INDUCING TRANSMEMBRANE PROTEIN 2; FITM2;;FAT-INDUCING TRANSCRIPT 2; FIT2;;CHROMOSOME 20 OPEN READING FRAME 142; C20ORF142	SIDDIQI SYNDROME; SIDDIS;;DEAFNESS, DYSTONIA, DEVELOPMENTAL DELAY, AND POOR GROWTH	618635
FLAD1	1	154983338	154993111	ENSG00000160688	610595	FLAVIN ADENINE DINUCLEOTIDE SYNTHETASE 1; FLAD1;;FLAVIN ADENINE DINUCLEOTIDE SYNTHETASE, S. CEREVISIAE, HOMOLOG OF;;FAD1, S. CEREVISIAE, HOMOLOG OF;;FAD SYNTHETASE; FADS;;FMN ADENYLYLTRANSFERASE	LIPID STORAGE MYOPATHY DUE TO FLAVIN ADENINE DINUCLEOTIDE SYNTHETASE DEFICIENCY; LSMFLAD	255100
FLVCR2	14	75578620	75663214	ENSG00000119686	610865	FELINE LEUKEMIA VIRUS SUBGROUP C RECEPTOR 2; FLVCR2;;FLVCR-LIKE ON CHROMOSOME 14q; FLVCRL14q;;CALCIUM CHELATE TRANSPORTER; CCT;;CHROMOSOME 14 OPEN READING FRAME 58; C14ORF58	PROLIFERATIVE VASCULOPATHY AND HYDRANENCEPHALY-HYDROCEPHALY SYNDROME; PVHH;;HYDRANENCEPHALY, FOWLER TYPE;;FOWLER SYNDROME;;HYDROCEPHALY/HYDRANENCEPHALY DUE TO CEREBRAL VASCULOPATHY;;ENCEPHALOCLASTIC PROLIFERATIVE VASCULOPATHY; EPV	225790
FMNL2	2	152335174	152649826	ENSG00000157827	616285	FORMIN-LIKE 2; FMNL2;;KIAA1902		NA
FOXA1	14	37589552	37596059	ENSG00000129514	602294	FORKHEAD BOX A1; FOXA1;;HEPATOCYTE NUCLEAR FACTOR 3-ALPHA; HNF3A		NA
FOXE3	1	47416285	47418052	ENSG00000186790	601094	FORKHEAD BOX E3; FOXE3;;FORKHEAD, DROSOPHILA, HOMOLOG-LIKE 12; FKHL12;;FORKHEAD-RELATED ACTIVATOR 8; FREAC8	CATARACT 34, MULTIPLE TYPES; CTRCT34;;CATARACT 34, MULTIPLE TYPES, WITH OR WITHOUT MICROCORNEA;;CATARACT, AUTOSOMAL RECESSIVE CONGENITAL 3; CATC3	612968
FOXE3	1	47416285	47418052	ENSG00000186790	601094	FORKHEAD BOX E3; FOXE3;;FORKHEAD, DROSOPHILA, HOMOLOG-LIKE 12; FKHL12;;FORKHEAD-RELATED ACTIVATOR 8; FREAC8	AORTIC ANEURYSM, FAMILIAL THORACIC 11, SUSCEPTIBILITY TO; AAT11	617349
FOXE3	1	47416285	47418052	ENSG00000186790	601094	FORKHEAD BOX E3; FOXE3;;FORKHEAD, DROSOPHILA, HOMOLOG-LIKE 12; FKHL12;;FORKHEAD-RELATED ACTIVATOR 8; FREAC8	ANTERIOR SEGMENT DYSGENESIS 2; ASGD2;;APHAKIA, CONGENITAL PRIMARY; CPAK;;CPA	610256
FRMPD3	X	107522450	107605251	ENSG00000147234	301005	FERM- AND PDZ DOMAIN-CONTAINING PROTEIN 3; FRMPD3;;KIAA1817		NA
FTH1	11	61959718	61967634	ENSG00000167996	134770	FERRITIN HEAVY CHAIN 1; FTH1;;FTH;;FHC;;FTHL6	HEMOCHROMATOSIS, TYPE 5; HFE5;;IRON OVERLOAD, AUTOSOMAL DOMINANT	615517
FUT7	9	137030174	137032088	ENSG00000180549	602030	FUCOSYLTRANSFERASE 7; FUT7		NA
GBF1	10	102245532	102382899	ENSG00000107862	603698	GOLGI-SPECIFIC BREFELDIN-A RESISTANCE FACTOR 1; GBF1;;KIAA0248		NA
GDA	9	72114595	72257193	ENSG00000119125	139260	GUANINE DEAMINASE; GDA;;GUANASE;;CYTOPLASMIC PSD95 INTERACTOR; CYPIN		NA
GDF3	12	7689784	7695775	ENSG00000184344	606522	GROWTH/DIFFERENTIATION FACTOR 3; GDF3	KLIPPEL-FEIL SYNDROME 3, AUTOSOMAL DOMINANT; KFS3	613702
GDF3	12	7689784	7695775	ENSG00000184344	606522	GROWTH/DIFFERENTIATION FACTOR 3; GDF3	MICROPHTHALMIA, ISOLATED, WITH COLOBOMA 6; MCOPCB6	613703
GDF3	12	7689784	7695775	ENSG00000184344	606522	GROWTH/DIFFERENTIATION FACTOR 3; GDF3	MICROPHTHALMIA, ISOLATED 7; MCOP7	613704
GEMIN5	5	154887411	154938211	ENSG00000082516	607005	GEM-ASSOCIATED PROTEIN 5;;GEMIN5		NA
GGA1	22	37608725	37633564	ENSG00000100083	606004	GOLGI-ASSOCIATED, GAMMA-ADAPTIN EAR-CONTAINING, ARF-BINDING PROTEIN 1; GGA1;;ADP-RIBOSYLATION FACTOR-BINDING PROTEIN 1;;ARF-BINDING PROTEIN 1		NA
GID4	17	18039408	18068405	ENSG00000141034	617699	GID COMPLEX, SUBUNIT 4; GID4;;GLUCOSE-INDUCED DEGRADATION-DEFICIENT PROTEIN 4, S. CEREVISIAE, HOMOLOG OF;;VACUOLAR IMPORT AND DEGRADATION PROTEIN 24; VID24;;CHROMOSOME 17 OPEN READING FRAME 39; C17ORF39		NA
GJB5	1	34755047	34758512	ENSG00000189280	604493	GAP JUNCTION PROTEIN, BETA-5; GJB5;;CONNEXIN 31.1; CX31.1		NA
GNB1L	22	19783223	19854939	ENSG00000185838	610778	GUANINE NUCLEOTIDE-BINDING PROTEIN, BETA-1-LIKE; GNB1L;;WD REPEAT-CONTAINING PROTEIN 14; WDR14		NA
GNL2	1	37566816	37595937	ENSG00000134697	609365	GUANINE NUCLEOTIDE-BINDING PROTEIN-LIKE 2; GNL2;;NGP1		NA
GPX4	19	1103926	1106791	ENSG00000167468	138322	GLUTATHIONE PEROXIDASE 4; GPX4;;PHOSPHOLIPID HYDROPEROXIDE GLUTATHIONE PEROXIDASE; PHGPX	SPONDYLOMETAPHYSEAL DYSPLASIA, SEDAGHATIAN TYPE; SMDS;;SEDAGHATIAN CHONDRODYSPLASIA;;METAPHYSEAL CHONDRODYSPLASIA, CONGENITAL LETHAL	250220
GRM3	7	86643914	86864884	ENSG00000198822	601115	GLUTAMATE RECEPTOR, METABOTROPIC, 3; GRM3;;MGLUR3		NA
GTPBP4	10	988434	1019932	ENSG00000107937	NA			NA
HAUS3	4	2078998	2242276	ENSG00000214367	613430	HAUS AUGMIN-LIKE COMPLEX, SUBUNIT 3; HAUS3;;DIM GAMMA-TUBULIN 3, DROSOPHILA, HOMOLOG OF; DGT3;;CHROMOSOME 4 OPEN READING FRAME 15; C4ORF15		NA
HCN1	5	45254948	45696498	ENSG00000164588	602780	HYPERPOLARIZATION-ACTIVATED CYCLIC NUCLEOTIDE-GATED POTASSIUM CHANNEL 1; HCN1;;BRAIN CYCLIC-NUCLEOTIDE GATED 1; BCNG1;;POTASSIUM CHANNEL, VOLTAGE-GATED, BRAIN, 1	GENERALIZED EPILEPSY WITH FEBRILE SEIZURES PLUS, TYPE 10; GEFSP10;;GEFS+, TYPE 10; GEFS+10	618482
HCN1	5	45254948	45696498	ENSG00000164588	602780	HYPERPOLARIZATION-ACTIVATED CYCLIC NUCLEOTIDE-GATED POTASSIUM CHANNEL 1; HCN1;;BRAIN CYCLIC-NUCLEOTIDE GATED 1; BCNG1;;POTASSIUM CHANNEL, VOLTAGE-GATED, BRAIN, 1	EPILEPTIC ENCEPHALOPATHY, EARLY INFANTILE, 24; EIEE24	615871
HEATR3	16	50065970	50107272	ENSG00000155393	614951	HEAT REPEAT-CONTAINING PROTEIN 3; HEATR3;;SYNCHRONIZED IMPORT PROTEIN 1; SYO1;;SYMPORTIN		NA
HECW2	2	196189099	196593684	ENSG00000138411	617245	HECT, C2, AND WW DOMAINS-CONTAINING E3 UBIQUITIN-PROTEIN LIGASE 2; HECW2;;NEDD4-LIKE E3 UBIQUITIN-PROTEIN LIGASE 2; NEDL2;;KIAA1301	NEURODEVELOPMENTAL DISORDER WITH HYPOTONIA, SEIZURES, AND ABSENT LANGUAGE; NDHSAL	617268
HERC4	10	67921899	68075348	ENSG00000148634	609248	HECT DOMAIN AND RCC1-LIKE DOMAIN 4; HERC4;;KIAA1593		NA
HERPUD2	7	35632659	35697459	ENSG00000122557	NA			NA
HES3	1	6244179	6245578	ENSG00000173673	609971	HAIRY/ENHANCER OF SPLIT, DROSOPHILA, HOMOLOG OF, 3; HES3		NA
HHIP	4	144646156	144745271	ENSG00000164161	606178	HEDGEHOG-INTERACTING PROTEIN; HHIP;;HIP		NA
HK2	2	74834127	74893359	ENSG00000159399	601125	HEXOKINASE 2; HK2		NA
HOXD9	2	176122719	176124937	ENSG00000128709	142982	HOMEOBOX D9; HOXD9;;HOMEOBOX 4C; HOX4C;;Hox-4.3, MOUSE, HOMOLOG OF		NA
HSF1	CHR_HG2419_PATCH	144291591	144314720	ENSG00000284774	140580	HEAT-SHOCK TRANSCRIPTION FACTOR 1; HSF1;;HEAT-SHOCK FACTOR 1		NA
HSF1	8	144291591	144314720	ENSG00000185122	140580	HEAT-SHOCK TRANSCRIPTION FACTOR 1; HSF1;;HEAT-SHOCK FACTOR 1		NA
HSPA14	10	14838166	14847018	ENSG00000284024	NA			NA
HSPA14	10	14838306	14871741	ENSG00000187522	610369	HEAT-SHOCK 70-KD PROTEIN 14; HSPA14;;HSP70-LIKE 1; HSP70L1		NA
HSPD1	2	197486584	197516737	ENSG00000144381	118190	HEAT-SHOCK 60-KD PROTEIN 1; HSPD1;;HSP60;;CHAPERONIN, 60-KD; CPN60;;GroEL, E. COLI, HOMOLOG OF	SPASTIC PARAPLEGIA 13, AUTOSOMAL DOMINANT; SPG13	605280
HSPD1	2	197486584	197516737	ENSG00000144381	118190	HEAT-SHOCK 60-KD PROTEIN 1; HSPD1;;HSP60;;CHAPERONIN, 60-KD; CPN60;;GroEL, E. COLI, HOMOLOG OF	LEUKODYSTROPHY, HYPOMYELINATING, 4; HLD4;;MITOCHONDRIAL HSP60 CHAPERONOPATHY;;MITCHAP60 DISEASE	612233
HSPH1	13	31134973	31162388	ENSG00000120694	610703	HEAT-SHOCK 105/110-KD PROTEIN 1; HSPH1;;HEAT-SHOCK PROTEIN, 105-KD; HSP105;;HEAT-SHOCK PROTEIN, 110-KD; HSP110;;KIAA0201		NA
HTRA2	2	74529725	74533332	ENSG00000115317	606441	HTRA SERINE PEPTIDASE 2; HTRA2;;HTRA, E. COLI, HOMOLOG OF, 2;;PROTEASE, SERINE, 25; PRSS25;;OMI	3-@METHYLGLUTACONIC ACIDURIA, TYPE VIII; MGCA8	617248
HTRA2	2	74529725	74533332	ENSG00000115317	606441	HTRA SERINE PEPTIDASE 2; HTRA2;;HTRA, E. COLI, HOMOLOG OF, 2;;PROTEASE, SERINE, 25; PRSS25;;OMI	PARKINSON DISEASE 13, AUTOSOMAL DOMINANT, SUSCEPTIBILITY TO; PARK13	610297
IDH3A	15	78131498	78171945	ENSG00000166411	601149	ISOCITRATE DEHYDROGENASE 3, ALPHA SUBUNIT; IDH3A;;ISOCITRATE DEHYDROGENASE, NAD(+)-SPECIFIC, MITOCHONDRIAL, ALPHA SUBUNIT;;ICDM		NA
IGF2R	6	159969082	160113507	ENSG00000197081	147280	INSULIN-LIKE GROWTH FACTOR II RECEPTOR; IGF2R;;MANNOSE 6-PHOSPHATE RECEPTOR, CATION-INDEPENDENT; MPRI;;CIMPR	HEPATOCELLULAR CARCINOMA;;HCC;;CANCER, HEPATOCELLULAR;;LIVER CANCER;;LIVER CELL CARCINOMA; LCC;;HEPATOMA HEPATOBLASTOMA, INCLUDED;;HEPATOBLASTOMA CAUSED BY SOMATIC MUTATION, INCLUDED	114550
IKZF2	2	212999691	213152427	ENSG00000030419	606234	IKAROS FAMILY ZINC FINGER 2; IKZF2;;ZINC FINGER PROTEIN, SUBFAMILY 1A, MEMBER 2; ZNF1A2;;HELIOS		NA
IKZF3	17	39757718	39864312	ENSG00000161405	606221	IKAROS FAMILY ZINC FINGER 3; IKZF3;;ZINC FINGER PROTEIN, SUBFAMILY 1A, MEMBER 3; ZNFN1A3;;AIOLOS; AIO		NA
IL25	14	23372809	23376403	ENSG00000166090	605658	INTERLEUKIN 25; IL25;;INTERLEUKIN 17E; IL17E		NA
IL3	5	132060655	132063204	ENSG00000164399	147740	INTERLEUKIN 3; IL3;;MULTI-CSF		NA
INPP5A	10	132537787	132783480	ENSG00000068383	600106	INOSITOL POLYPHOSPHATE-5-PHOSPHATASE, 40-KD; INPP5A		NA
INTS13	12	26905181	26938326	ENSG00000064102	615079	ASUNDER, SPERMATOGENESIS REGULATOR; ASUN;;ASUNDER, DROSOPHILA, HOMOLOG OF;;MAT89BB, DROSOPHILA, HOMOLOG OF; MAT89BB;;GERM CELL TUMOR 1; GCT1		NA
INTS4	11	77878720	77994671	ENSG00000149262	611348	INTEGRATOR COMPLEX SUBUNIT 4; INTS4;;INT4		NA
INTS5	11	62646848	62653302	ENSG00000185085	611349	INTEGRATOR COMPLEX SUBUNIT 5; INTS5;;INT5;;KIAA1698		NA
IP6K2	3	48688003	48740353	ENSG00000068745	606992	INOSITOL HEXAPHOSPHATE KINASE 2; IHPK2;;IP6K2		NA
IPO11	5	62403972	62628582	ENSG00000086200	610889	IMPORTIN 11; IPO11;;RAN-BINDING PROTEIN 11; RANBP11  SYNLEURIN, INCLUDED; SLRN, INCLUDED		NA
ITGB8	7	20330702	20415754	ENSG00000105855	604160	INTEGRIN, BETA-8; ITGB8		NA
JADE2	5	134524312	134583230	ENSG00000043143	610515	PHD FINGER PROTEIN 15; PHF15;;JADE2;;KIAA0239		NA
KANSL3	2	96593170	96642787	ENSG00000114982	617742	KAT8 REGULATORY NSL COMPLEX, SUBUNIT 3; KANSL3;;NONSPECIFIC LETHAL 3 HOMOLOG; NSL3;;KIAA1310		NA
KDM7A	7	140084746	140176983	ENSG00000006459	NA			NA
KIF22	16	29790719	29805384	ENSG00000079616	603213	KINESIN FAMILY MEMBER 22; KIF22;;KINESIN-LIKE 4; KNSL4;;KINESIN-LIKE DNA-BINDING PROTEIN; KID;;ORIGIN OF PLASMID DNA REPLICATION-BINDING PROTEIN; OBP;;ORIP-BINDING PROTEIN	SPONDYLOEPIMETAPHYSEAL DYSPLASIA WITH JOINT LAXITY, TYPE 2; SEMDJL2;;SPONDYLOEPIMETAPHYSEAL DYSPLASIA WITH JOINT LAXITY, HALL TYPE;;SPONDYLOEPIMETAPHYSEAL DYSPLASIA WITH JOINT LAXITY, LEPTODACTYLIC TYPE;;SPONDYLOEPIMETAPHYSEAL DYSPLASIA WITH MULTIPL /.../OCATIONS, HALL TYPE	603546
L1CAM	X	153861514	153886173	ENSG00000198910	308840	L1 CELL ADHESION MOLECULE; L1CAM;;MIC5;;NEURAL CELL ADHESION MOLECULE L1; CAML1	HYDROCEPHALUS DUE TO CONGENITAL STENOSIS OF AQUEDUCT OF SYLVIUS; HSAS;;HSAS1;;HYDROCEPHALUS, X-LINKED; HYCX;;AQUEDUCTAL STENOSIS, X-LINKED; XLAS  HYDROCEPHALUS, X-LINKED, WITH CONGENITAL IDIOPATHIC INTESTINAL PSEUDOOBSTRUCTION, INCLUDED	307000
L1CAM	X	153861514	153886173	ENSG00000198910	308840	L1 CELL ADHESION MOLECULE; L1CAM;;MIC5;;NEURAL CELL ADHESION MOLECULE L1; CAML1	CORPUS CALLOSUM, PARTIAL AGENESIS OF, X-LINKED	304100
L1CAM	X	153861514	153886173	ENSG00000198910	308840	L1 CELL ADHESION MOLECULE; L1CAM;;MIC5;;NEURAL CELL ADHESION MOLECULE L1; CAML1	MASA SYNDROME;;MENTAL RETARDATION, APHASIA, SHUFFLING GAIT, AND ADDUCTED THUMBS;;SPASTIC PARAPLEGIA 1, X-LINKED; SPG1;;CLASPED THUMB AND MENTAL RETARDATION;;THUMB, CONGENITAL CLASPED, WITH MENTAL RETARDATION;;ADDUCTED THUMB WITH MENTAL RETARDATION;; /.../-MASON SYNDROME;;CRASH SYNDROME	303350
LCP2	5	170246233	170297815	ENSG00000043462	601603	LYMPHOCYTE CYTOSOLIC PROTEIN 2; LCP2;;SH2 DOMAIN-CONTAINING LEUKOCYTE PROTEIN, 76-KD; SLP76		NA
LIAS	4	39459004	39485109	ENSG00000121897	607031	LIPOIC ACID SYNTHASE; LIAS	HYPERGLYCINEMIA, LACTIC ACIDOSIS, AND SEIZURES; HGCLAS;;PYRUVATE DEHYDROGENASE LIPOIC ACID SYNTHETASE DEFICIENCY; PDHLD	614462
LNPEP	5	96935394	97037513	ENSG00000113441	151300	LEUCYL-CYSTINYL AMINOPEPTIDASE; LNPEP;;LEUCINE AMINOPEPTIDASE OF PLACENTA;;OXYTOCINASE;;INSULIN-RESPONSIVE AMINOPEPTIDASE, MOUSE, HOMOLOG OF; IRAP		NA
LRP12	8	104489231	104589024	ENSG00000147650	618299	LOW DENSITY LIPOPROTEIN RECEPTOR-RELATED PROTEIN 12; LRP12;;LDLR-RELATED PROTEIN 12; LRP12;;ST7;;MIG13, C. ELEGANS, HOMOLOG OF, A; MIG13A	OCULOPHARYNGODISTAL MYOPATHY 1; OPDM1;;OCULOPHARYNGODISTAL MYOPATHY; OPDM;;FACIOOCULOLARYNGOPHARYNGEAL MYOPATHY WITH DISTAL AND RESPIRATORY INVOLVEMENT; FOLP-DR	164310
LRP1B	2	140231423	142131016	ENSG00000168702	608766	LOW DENSITY LIPOPROTEIN RECEPTOR-RELATED PROTEIN 1B; LRP1B;;LOW DENSITY LIPOPROTEIN RECEPTOR-RELATED PROTEIN DELETED IN TUMORS; LRPDIT		NA
LRP2	2	169127109	169362534	ENSG00000081479	600073	LOW DENSITY LIPOPROTEIN RECEPTOR-RELATED PROTEIN 2; LRP2;;GLYCOPROTEIN 330;;MEGALIN	DONNAI-BARROW SYNDROME;;FACIOOCULOACOUSTICORENAL SYNDROME;;DBS/FOAR SYNDROME;;DIAPHRAGMATIC HERNIA, EXOMPHALOS, ABSENT CORPUS CALLOSUM, HYPERTELORISM, MYOPIA, SENSORINEURAL DEAFNESS, AND PROTEINURIA	222448
LRR1	14	49598761	49614672	ENSG00000165501	609193	PEPTIDYL-PROLYL ISOMERASE-LIKE 5; PPIL5;;LEUCINE-RICH REPEAT PROTEIN 1; LRR1		NA
LRRTM1	2	80288351	80304752	ENSG00000162951	610867	LEUCINE-RICH REPEAT TRANSMEMBRANE PROTEIN 1: LRRTM1		NA
LSG1	3	194640791	194672463	ENSG00000041802	610780	LARGE SUBUNIT GTPase 1, S. CEREVISIAE, HOMOLOG OF; LSG1		NA
LYL1	19	13099033	13103161	ENSG00000104903	151440	LYMPHOBLASTIC LEUKEMIA-DERIVED SEQUENCE 1; LYL1		NA
MAN1A2	1	117367449	117528872	ENSG00000198162	604345	MANNOSIDASE, ALPHA, CLASS 1A, MEMBER 2; MAN1A2		NA
MAP2	2	209424058	209734118	ENSG00000078018	157130	MICROTUBULE-ASSOCIATED PROTEIN 2; MAP2;;MAP, DENDRITE-SPECIFIC		NA
MAP2K4	17	12020829	12143830	ENSG00000065559	601335	MITOGEN-ACTIVATED PROTEIN KINASE KINASE 4; MAP2K4;;SAPK/ERK KINASE 1; SERK1; SEK1;;PROTEIN KINASE, MITOGEN-ACTIVATED, KINASE 4; PRKMK4;;MKK4; MAPKK4;;MAPK/ERK KINASE 4; MEK4;;JNK-ACTIVATED KINASE 1; JNKK1		NA
MAP3K12	12	53479669	53500063	ENSG00000139625	600447	MITOGEN-ACTIVATED PROTEIN KINASE KINASE KINASE 12; MAP3K12;;ZIPPER PROTEIN KINASE; ZPK;;DUAL LEUCINE ZIPPER KINASE; DLK;;PROTEIN KINASE MUK		NA
MARCHF6	5	10353695	10440388	ENSG00000145495	613297	MEMBRANE-ASSOCIATED RING-CH FINGER PROTEIN 6; MARCHF6;;MARCH VI; MARCH6;;TEB4;;DOA10, S. CEREVISIAE, HOMOLOG OF; DOA10;;KIAA0597	EPILEPSY, FAMILIAL ADULT MYOCLONIC, 3; FAME3;;CORTICAL MYOCLONIC TREMOR WITH EPILEPSY, FAMILIAL, 3; FCMTE3	613608
MARK4	19	45079288	45305284	ENSG00000007047	606495	MAP/MICROTUBULE AFFINITY-REGULATING KINASE 4; MARK4;;MAP/MICROTUBULE AFFINITY-REGULATING KINASE-LIKE 1; MARKL1;;KIAA1860		NA
MBD2	18	54151606	54224669	ENSG00000134046	603547	METHYL-CpG-BINDING DOMAIN PROTEIN 2; MBD2;;DEMETHYLASE; DMTase		NA
MBD3	19	1573596	1592865	ENSG00000071655	603573	METHYL-CpG-BINDING DOMAIN PROTEIN 3; MBD3		NA
MED17	11	93784227	93814963	ENSG00000042429	603810	MEDIATOR COMPLEX SUBUNIT 17; MED17;;MEDIATOR OF RNA POLYMERASE II TRANSCRIPTION, SUBUNIT 17, S. CEREVISIAE, HOMOLOG OF;;COFACTOR REQUIRED FOR SP1 TRANSCRIPTIONAL ACTIVATION, SUBUNIT 6; CRSP6;;CRSP, 77-KD SUBUNIT; CRSP77;;THYROID HORMONE RECEPTOR-ASS /.../D PROTEIN, 80-KD SUBUNIT; TRAP80;;VITAMIN D RECEPTOR-INTERACTING PROTEIN, 80-KD; DRIP80	MICROCEPHALY, POSTNATAL PROGRESSIVE, WITH SEIZURES AND BRAIN ATROPHY	613668
MED19	11	57703714	57712323	ENSG00000156603	612385	MEDIATOR COMPLEX SUBUNIT 19; MED19;;LUNG CANCER METASTASIS-RELATED PROTEIN 1; LCMR1;;DT2P1G7		NA
MED24	17	40019097	40061215	ENSG00000008838	607000	MEDIATOR COMPLEX SUBUNIT 24; MED24;;THYROID HORMONE RECEPTOR-ASSOCIATED PROTEIN 4; THRAP4;;THYROID HORMONE RECEPTOR-ASSOCIATED PROTEIN, 100-KD; TRAP100;;KIAA0130		NA
MED30	8	117520713	117540262	ENSG00000164758	610237	MEDIATOR COMPLEX SUBUNIT 30; MED30;;THYROID HORMONE RECEPTOR-ASSOCIATED PROTEIN, 25-KD; TRAP25;;THYROID HORMONE RECEPTOR-ASSOCIATED PROTEIN 6; THRAP6		NA
MEGF10	5	127290796	127465737	ENSG00000145794	612453	MULTIPLE EPIDERMAL GROWTH FACTOR-LIKE DOMAINS 10; MEGF10;;KIAA1780	MYOPATHY, AREFLEXIA, RESPIRATORY DISTRESS, AND DYSPHAGIA, EARLY-ONSET; EMARDD MYOPATHY, AREFLEXIA, RESPIRATORY DISTRESS, AND DYSPHAGIA, EARLY-ONSET, MILD VARIANT, INCLUDED	614399
MEPCE	7	100428790	100434118	ENSG00000146834	611478	METHYLPHOSPHATE CAPPING ENZYME; MEPCE;;BICOID-INTERACTING 3, DROSOPHILA, HOMOLOG OF; BCDIN3		NA
METTL17	14	20989973	20997035	ENSG00000165792	616091	METHYLTRANSFERASE-LIKE 17; METTL17;;METHYLTRANSFERASE 11 DOMAIN-CONTAINING PROTEIN 1; METT11D1		NA
MGAT2	14	49620799	49623481	ENSG00000168282	602616	ALPHA-1,6-@MANNOSYL-GLYCOPROTEIN BETA-1,2-N-ACETYLGLUCOSAMINYLTRANSFERASE; MGAT2;;GlcNAc-T II;;GnT II; GnT2;;UDP-N-ACETYLGLUCOSAMINE:ALPHA-6-D-MANNOSIDE BETA-1,2-N-ACETYLGLUCOSAMINYLTRANSFERASE II	CONGENITAL DISORDER OF GLYCOSYLATION, TYPE IIa; CDG2A;;CDG IIa; CDGIIa;;ALKURAYA SYNDROME;;MENTAL RETARDATION, GROWTH RETARDATION, PROMINENT COLUMELLA, AND OPEN MOUTH;;CARBOHYDRATE-DEFICIENT GLYCOPROTEIN SYNDROME, TYPE II, FORMERLY; CDGS2, FORMERLY	212066
MLLT3	9	20341669	20622499	ENSG00000171843	159558	MYELOID/LYMPHOID OR MIXED LINEAGE LEUKEMIA, TRANSLOCATED TO, 3; MLLT3;;MIXED LINEAGE LEUKEMIA, TRANSLOCATED TO, 3;;ALL1-FUSED GENE FROM CHROMOSOME 9; AF9		NA
MMP14	14	22836560	22849027	ENSG00000157227	600754	MATRIX METALLOPROTEINASE 14; MMP14;;MATRIX METALLOPROTEINASE 14, MEMBRANE-TYPE;;MEMBRANE-TYPE MATRIX METALLOPROTEINASE 1;;MT1-MMP	WINCHESTER SYNDROME; WNCHRS	277950
MOGS	2	74461057	74465410	ENSG00000115275	601336	MANNOSYL-OLIGOSACCHARIDE GLYCOSIDASE; MOGS;;GLUCOSIDASE I; GCS1	CONGENITAL DISORDER OF GLYCOSYLATION, TYPE IIb; CDG2B;;CDG IIb; CDGIIb;;GLUCOSIDASE I DEFICIENCY	606056
MRPL18	6	159789812	159798436	ENSG00000112110	611831	MITOCHONDRIAL RIBOSOMAL PROTEIN L18; MRPL18		NA
MRPL21	11	68891276	68903835	ENSG00000197345	611834	MITOCHONDRIAL RIBOSOMAL PROTEIN L21; MRPL21		NA
MRPL53	2	74471982	74472687	ENSG00000204822	611857	MITOCHONDRIAL RIBOSOMAL PROTEIN L53; MRPL53		NA
MRPS10	6	42206807	42217861	ENSG00000048544	611976	MITOCHONDRIAL RIBOSOMAL PROTEIN S10; MRPS10		NA
MRPS28	8	79918717	80030289	ENSG00000147586	611990	MITOCHONDRIAL RIBOSOMAL PROTEIN S28; MRPS28;;MRPS35		NA
MRPS34	16	1771890	1773150	ENSG00000074071	611994	MITOCHONDRIAL RIBOSOMAL PROTEIN S34; MRPS34;;MRPS12	COMBINED OXIDATIVE PHOSPHORYLATION DEFICIENCY 32; COXPD32	617664
MRPS5	2	95085369	95149434	ENSG00000144029	611972	MITOCHONDRIAL RIBOSOMAL PROTEIN S5; MRPS5		NA
MRTFB	16	14071319	14266773	ENSG00000186260	609463	MKL/MYOCARDIN-LIKE 2; MKL2;;MYOCARDIN-RELATED TRANSCRIPTION FACTOR B, MOUSE, HOMOLOG OF; MRTFB MKL2/C11ORF95 FUSION GENE, INCLUDED		NA
MTERF3	8	96239398	96261610	ENSG00000156469	616930	TRANSCRIPTION TERMINATION FACTOR 3, MITOCHONDRIAL; MTERF3;;MTERFD1		NA
MTMR3	22	29883169	30030868	ENSG00000100330	603558	MYOTUBULARIN-RELATED PROTEIN 3; MTMR3;;KIAA0371		NA
MUS81	11	65857126	65867653	ENSG00000172732	606591	MUS81 STRUCTURE-SPECIFIC ENDONUCLEASE SUBUNIT; MUS81;;MUS81, S. CEREVISIAE, HOMOLOG OF;;SLX3, YEAST, HOMOLOG OF; SLX3		NA
MYBL1	8	66562175	66614247	ENSG00000185697	159405	V-MYB AVIAN MYELOBLASTOSIS VIRAL ONCOGENE HOMOLOG-LIKE 1; MYBL1;;MYB-RELATED GENE AMYB		NA
NADK2	5	36192589	36242279	ENSG00000152620	615787	NAD KINASE 2, MITOCHONDRIAL; NADK2;;CHROMOSOME 5 OPEN READING FRAME 33; C5ORF33	2,4-@DIENOYL-CoA REDUCTASE DEFICIENCY; DECRD	616034
NCAPD3	11	134150113	134225454	ENSG00000151503	609276	NON-SMC CONDENSIN II COMPLEX SUBUNIT D3; NCAPD3;;CONDENSIN II COMPLEX, NON-SMC SUBUNIT D3;;CHROMOSOME-ASSOCIATED PROTEIN D3; CAPD3;;KIAA0056	MICROCEPHALY 22, PRIMARY, AUTOSOMAL RECESSIVE; MCPH22	617984
NCAPH2	22	50508224	50524780	ENSG00000025770	611230	NON-SMC CONDENSIN II COMPLEX SUBUNIT H2; NCAPH2;;CONDENSIN II COMPLEX, NON-SMC SUBUNIT H2;;CHROMOSOME-ASSOCIATED PROTEIN H2; CAPH2;;KLEISIN, BETA		NA
NDUFB7	19	14566078	14572066	ENSG00000099795	603842	NADH-UBIQUINONE OXIDOREDUCTASE 1 BETA SUBCOMPLEX, 7; NDUFB7;;SQM1		NA
NELFA	4	1982717	2041903	ENSG00000185049	606026	NEGATIVE ELONGATION FACTOR COMPLEX, MEMBER A; NELFA;;WHS CANDIDATE 2 GENE; WHSC2;;WOLF-HIRSCHHORN SYNDROME CANDIDATE 2;;NEGATIVE ELONGATION FACTOR POLYPEPTIDE A		NA
NELL2	12	44508275	44921848	ENSG00000184613	602320	NEL-LIKE 2; NELL2		NA
NFAT5	16	69565094	69704666	ENSG00000102908	604708	NUCLEAR FACTOR OF ACTIVATED T CELLS 5; NFAT5;;TONICITY-RESPONSIVE ENHANCER-BINDING PROTEIN; TONEBP;;NFAT-LIKE PROTEIN 1; NFATL1;;KIAA0827		NA
NFIB	9	14081843	14398983	ENSG00000147862	600728	NUCLEAR FACTOR I/B; NFIB;;TRANSCRIPTION FACTOR NFIB	MACROCEPHALY, ACQUIRED, WITH IMPAIRED INTELLECTUAL DEVELOPMENT; MACID;;MACROCEPHALY, ACQUIRED, WITH MENTAL RETARDATION	618286
NFYC	1	40691648	40771603	ENSG00000066136	605344	NUCLEAR TRANSCRIPTION FACTOR Y, GAMMA; NFYC;;TRANSCRIPTION FACTOR NF-Y, C SUBUNIT;;CCAAT-BINDING FACTOR, C SUBUNIT; CBFC		NA
NIFK	2	121726945	121736911	ENSG00000155438	611970	NUCLEOLAR PROTEIN INTERACTING WITH THE FHA DOMAIN OF MKI67; NIFK;;MKI67-INTERACTING NUCLEOLAR PHOSPHOPROTEIN; MKI67IP;;NOPP34		NA
NOL4	18	33851100	34224952	ENSG00000101746	603577	NUCLEOLAR PROTEIN 4; NOL4;;NUCLEOLAR-LOCALIZED PROTEIN; NOLP		NA
NOM1	7	156949712	156973176	ENSG00000146909	611269	NUCLEOLAR PROTEIN WITH MIF4G DOMAIN 1; NOM1;;CHROMOSOME 7 OPEN READING FRAME 3; C7ORF3		NA
NR5A2	1	200027614	200177420	ENSG00000116833	604453	NUCLEAR RECEPTOR SUBFAMILY 5, GROUP A, MEMBER 2; NR5A2;;FETOPROTEIN TRANSCRIPTION FACTOR; FTF;;HUMAN B1-BINDING FACTOR; HB1F;;CYP7A PROMOTER-BINDING FACTOR; CPF;;LIVER RECEPTOR HOMOLOG 1; LRH1		NA
NTRK3	15	87859751	88256768	ENSG00000140538	191316	NEUROTROPHIC TYROSINE KINASE, RECEPTOR, TYPE 3; NTRK3;;TYROSINE KINASE RECEPTOR C; TRKC;;NEUROTROPHIN 3 RECEPTOR NTRK3/ETV6 FUSION GENE, INCLUDED		NA
NVL	1	224227334	224330189	ENSG00000143748	602426	NUCLEAR VALOSIN-CONTAINING PROTEIN-LIKE; NVL;;NUCLEAR VCP-LIKE		NA
NYAP2	2	225399710	225654018	ENSG00000144460	615478	NEURONAL TYROSINE-PHOSPHORYLATED PHOSPHOINOSITIDE 3-KINASE ADAPTOR 2; NYAP2;;KIAA1486		NA
OBSL1	2	219550728	219571859	ENSG00000124006	610991	OBSCURIN-LIKE 1; OBSL1;;KIAA0657	THREE M SYNDROME 2; 3M2;;3@M SYNDROME 2	612921
OPA1	3	193593144	193697811	ENSG00000198836	605290	OPA1 GENE; OPA1;;KIAA0567;;DYNAMIN-LIKE 120-KD PROTEIN, MITOCHONDRIAL	BEHR SYNDROME; BEHRS;;OPTIC ATROPHY, INFANTILE HEREDITARY, WITH NEUROLOGIC ABNORMALITIES	210000
OPA1	3	193593144	193697811	ENSG00000198836	605290	OPA1 GENE; OPA1;;KIAA0567;;DYNAMIN-LIKE 120-KD PROTEIN, MITOCHONDRIAL	GLAUCOMA, NORMAL TENSION, SUSCEPTIBILITY TO;;NTG;;GLAUCOMA, NORMAL PRESSURE, SUSCEPTIBILITY TO; NPG	606657
OPA1	3	193593144	193697811	ENSG00000198836	605290	OPA1 GENE; OPA1;;KIAA0567;;DYNAMIN-LIKE 120-KD PROTEIN, MITOCHONDRIAL	OPTIC ATROPHY WITH OR WITHOUT DEAFNESS, OPHTHALMOPLEGIA, MYOPATHY, ATAXIA, AND NEUROPATHY;;DOMINANT OPTIC ATROPHY PLUS SYNDROME; DOA+	125250
OPA1	3	193593144	193697811	ENSG00000198836	605290	OPA1 GENE; OPA1;;KIAA0567;;DYNAMIN-LIKE 120-KD PROTEIN, MITOCHONDRIAL	MITOCHONDRIAL DNA DEPLETION SYNDROME 14 (CARDIOENCEPHALOMYOPATHIC TYPE); MTDPS14	616896
OPA1	3	193593144	193697811	ENSG00000198836	605290	OPA1 GENE; OPA1;;KIAA0567;;DYNAMIN-LIKE 120-KD PROTEIN, MITOCHONDRIAL	OPTIC ATROPHY 1; OPA1;;OPTIC ATROPHY, JUVENILE;;KJER-TYPE OPTIC ATROPHY;;OPTIC ATROPHY, KJER TYPE; OAK	165500
OPN1LW	X	154144243	154159032	ENSG00000102076	300822	OPSIN 1, LONG-WAVE-SENSITIVE; OPN1LW;;RED CONE PIGMENT; RCP	COLORBLINDNESS, PARTIAL, PROTAN SERIES; CBP;;PROTANOPIA;;RED COLORBLINDNESS  PROTANOMALY, INCLUDED	303900
OPN1LW	X	154144243	154159032	ENSG00000102076	300822	OPSIN 1, LONG-WAVE-SENSITIVE; OPN1LW;;RED CONE PIGMENT; RCP	BLUE CONE MONOCHROMACY; BCM;;BLUE CONE MONOCHROMATISM;;COLORBLINDNESS, BLUE-MONO-CONE-MONOCHROMATIC TYPE; CBBM CONE DYSTROPHY 5, X-LINKED, INCLUDED; COD5, INCLUDED	303700
ORC4	2	147930396	148021604	ENSG00000115947	603056	ORIGIN RECOGNITION COMPLEX, SUBUNIT 4; ORC4;;ORIGIN RECOGNITION COMPLEX, SUBUNIT 4, S. CEREVISIAE, HOMOLOG OF;;ORC4-LIKE; ORC4L	MEIER-GORLIN SYNDROME 2; MGORS2	613800
OXA1L	14	22766522	22773042	ENSG00000155463	601066	OXIDASE, CYTOCHROME c, ASSEMBLY 1-LIKE; OXA1L;;CYTOCHROME c OXIDASE ASSEMBLY 1-LIKE;;OXA1-LIKE GENE		NA
PAFAH1B1	17	2593210	2685615	ENSG00000007168	601545	PLATELET-ACTIVATING FACTOR ACETYLHYDROLASE, ISOFORM 1B, ALPHA SUBUNIT; PAFAH1B1;;LIS1 GENE; LIS1	LISSENCEPHALY 1; LIS1;;LISSENCEPHALY SEQUENCE, ISOLATED; ILS;;LISSENCEPHALY, CLASSIC SUBCORTICAL LAMINAR HETEROTOPIA, INCLUDED; SCLH, INCLUDED;;SUBCORTICAL BAND HETEROTOPIA, INCLUDED; SBH, INCLUDED	607432
PAK3	X	110944285	111227361	ENSG00000077264	300142	p21 PROTEIN-ACTIVATED KINASE 3; PAK3;;p21 CDC42/RAC1-ACTIVATED KINASE 3;;OLIGOPHRENIN 3; OPHN3	MENTAL RETARDATION, X-LINKED 30; MRX30;;MENTAL RETARDATION, X-LINKED 47; MRX47	300558
PAX8	2	113215997	113278921	ENSG00000125618	167415	PAIRED BOX GENE 8; PAX8;;PAIRED DOMAIN GENE 8 PAX8/PPARG FUSION GENE, INCLUDED	HYPOTHYROIDISM, CONGENITAL, NONGOITROUS, 2; CHNG2;;THYROID DYSGENESIS;;THYROID AGENESIS;;THYROID HYPOPLASIA;;THYROID, ECTOPIC;;HYPOTHYROIDISM, CONGENITAL, DUE TO THYROID DYSGENESIS;;HYPOTHYROIDISM, ATHYREOTIC;;ATHYREOTIC HYPOTHYROIDISM;;RESISTANCE T /.../OTROPIN; RTSH;;THYROTROPIN RESISTANCE	218700
PCCB	3	136250340	136337896	ENSG00000114054	232050	PROPIONYL-CoA CARBOXYLASE, BETA SUBUNIT; PCCB;;pccBC COMPLEMENTATION GROUP	PROPIONIC ACIDEMIA;;PROPIONYL-CoA CARBOXYLASE DEFICIENCY;;PCC DEFICIENCY;;GLYCINEMIA, KETOTIC;;HYPERGLYCINEMIA WITH KETOACIDOSIS AND LEUKOPENIA;;KETOTIC HYPERGLYCINEMIA	606054
PCDH11X	X	91779261	92623230	ENSG00000102290	300246	PROTOCADHERIN 11, X-LINKED; PCDH11X;;PROTOCADHERIN, X CHROMOSOME; PCDHX;;PROTOCADHERIN 11, FORMERLY; PCDH11, FORMERLY		NA
PCID2	13	113177536	113208715	ENSG00000126226	613713	PCI DOMAIN-CONTAINING PROTEIN 2; PCID2		NA
PCYT2	17	81900958	81911432	ENSG00000185813	602679	PHOSPHATE CYTIDYLYLTRANSFERASE 2, ETHANOLAMINE; PCYT2;;CYTIDYLYLTRANSFERASE, CTP-PHOSPHOETHANOLAMINE; ET;;ETHANOLAMINE-PHOSPHATE CYTIDYLYLTRANSFERASE	SPASTIC PARAPLEGIA 82, AUTOSOMAL RECESSIVE; SPG82	618770
PEX12	17	35574795	35578863	ENSG00000108733	601758	PEROXISOME BIOGENESIS FACTOR 12; PEX12;;PEROXIN 12	PEROXISOME BIOGENESIS DISORDER 3B; PBD3B	266510
PEX12	17	35574795	35578863	ENSG00000108733	601758	PEROXISOME BIOGENESIS FACTOR 12; PEX12;;PEROXIN 12	PEROXISOME BIOGENESIS DISORDER 3A (ZELLWEGER); PBD3A PEROXISOME BIOGENESIS DISORDER, COMPLEMENTATION GROUP 3, INCLUDED; CG3, INCLUDED	614859
PEX26	22	18077920	18131138	ENSG00000215193	608666	PEROXISOME BIOGENESIS FACTOR 26; PEX26;;PEROXIN 26	PEROXISOME BIOGENESIS DISORDER 7B; PBD7B	614873
PEX26	22	18077920	18131138	ENSG00000215193	608666	PEROXISOME BIOGENESIS FACTOR 26; PEX26;;PEROXIN 26	PEROXISOME BIOGENESIS DISORDER 7A (ZELLWEGER); PBD7A PEROXISOME BIOGENESIS DISORDER, COMPLEMENTATION GROUP 8, INCLUDED; CG8, INCLUDED;;PEROXISOME BIOGENESIS DISORDER, COMPLEMENTATION GROUP A, INCLUDED; CGA, INCLUDED	614872
PEX3	6	143450805	143490616	ENSG00000034693	603164	PEROXISOME BIOGENESIS FACTOR 3; PEX3;;PEROXIN 3	PEROXISOME BIOGENESIS DISORDER 10A (ZELLWEGER); PBD10A PEROXISOME BIOGENESIS DISORDER, COMPLEMENTATION GROUP 12, INCLUDED; CG12, INCLUDED;;PEROXISOME BIOGENESIS DISORDER, COMPLEMENTATION GROUP G, INCLUDED; CGG, INCLUDED	614882
PEX3	6	143450805	143490616	ENSG00000034693	603164	PEROXISOME BIOGENESIS FACTOR 3; PEX3;;PEROXIN 3	PEROXISOME BIOGENESIS DISORDER 10B; PBD10B	617370
PEX5	12	7188685	7218574	ENSG00000139197	600414	PEROXISOME BIOGENESIS FACTOR 5; PEX5;;PEROXISOME RECEPTOR 1; PXR1;;PEROXIN 5;;PTS1 RECEPTOR; PTS1R	PEROXISOME BIOGENESIS DISORDER 2A (ZELLWEGER); PBD2A PEROXISOME BIOGENESIS DISORDER, COMPLEMENTATION GROUP 2, INCLUDED; CG2, INCLUDED	214110
PEX5	CHR_HG1398_PATCH	7187916	7217805	ENSG00000288217	600414	PEROXISOME BIOGENESIS FACTOR 5; PEX5;;PEROXISOME RECEPTOR 1; PXR1;;PEROXIN 5;;PTS1 RECEPTOR; PTS1R	PEROXISOME BIOGENESIS DISORDER 2B; PBD2B	202370
PEX5	12	7188685	7218574	ENSG00000139197	600414	PEROXISOME BIOGENESIS FACTOR 5; PEX5;;PEROXISOME RECEPTOR 1; PXR1;;PEROXIN 5;;PTS1 RECEPTOR; PTS1R	PEROXISOME BIOGENESIS DISORDER 2B; PBD2B	202370
PEX5	CHR_HG1398_PATCH	7187916	7217805	ENSG00000288217	600414	PEROXISOME BIOGENESIS FACTOR 5; PEX5;;PEROXISOME RECEPTOR 1; PXR1;;PEROXIN 5;;PTS1 RECEPTOR; PTS1R	PEROXISOME BIOGENESIS DISORDER 2A (ZELLWEGER); PBD2A PEROXISOME BIOGENESIS DISORDER, COMPLEMENTATION GROUP 2, INCLUDED; CG2, INCLUDED	214110
PEX5	CHR_HG1398_PATCH	7187916	7217805	ENSG00000288217	600414	PEROXISOME BIOGENESIS FACTOR 5; PEX5;;PEROXISOME RECEPTOR 1; PXR1;;PEROXIN 5;;PTS1 RECEPTOR; PTS1R	RHIZOMELIC CHONDRODYSPLASIA PUNCTATA, TYPE 5; RCDP5	616716
PEX5	12	7188685	7218574	ENSG00000139197	600414	PEROXISOME BIOGENESIS FACTOR 5; PEX5;;PEROXISOME RECEPTOR 1; PXR1;;PEROXIN 5;;PTS1 RECEPTOR; PTS1R	RHIZOMELIC CHONDRODYSPLASIA PUNCTATA, TYPE 5; RCDP5	616716
PGM3	6	83161150	83193936	ENSG00000013375	172100	PHOSPHOGLUCOMUTASE 3; PGM3;;N-ACETYLGLUCOSAMINE-PHOSPHATE MUTASE 1; AGM1	IMMUNODEFICIENCY 23; IMD23;;IMMUNODEFICIENCY WITH HYPER IgE AND COGNITIVE IMPAIRMENT;;IMMUNODEFICIENCY-VASCULITIS-MYOCLONUS SYNDROME; IVMS	615816
PHC1	12	8913896	8941467	ENSG00000111752	602978	POLYHOMEOTIC-LIKE 1; PHC1;;EARLY DEVELOPMENT REGULATOR 1; EDR1;;POLYHOMEOTIC, DROSOPHILA, HOMOLOG OF, 1;;HUMAN POLYHOMEOTIC HOMOLOG 1; HPH1;;RETINOIC ACID-ACTIVATED EARLY-28, MOUSE, HOMOLOG OF; RAE28	MICROCEPHALY 11, PRIMARY, AUTOSOMAL RECESSIVE; MCPH11	615414
PHF12	17	28905250	28951771	ENSG00000109118	618645	PHD FINGER PROTEIN 12; PHF12;;PHD FACTOR 1; PF1		NA
PHF21A	11	45929319	46121454	ENSG00000135365	608325	PHD FINGER PROTEIN 21A; PHF21A;;BRAF35/HDAC COMPLEX, 80-KD SUBUNIT; BHC80;;KIAA1696	INTELLECTUAL DEVELOPMENTAL DISORDER WITH BEHAVIORAL ABNORMALITIES AND CRANIOFACIAL DYSMORPHISM WITH OR WITHOUT SEIZURES; IDDBCS	618725
PHF21B	22	44881162	45010005	ENSG00000056487	616727	PHD FINGER PROTEIN 21B; PHF21B;;PHF4;;BHC80L		NA
PI4K2A	10	97640686	97676434	ENSG00000155252	609763	PHOSPHATIDYLINOSITOL 4-KINASE, TYPE 2, ALPHA; PI4K2A;;PHOSPHATIDYLINOSITOL 4-KINASE, TYPE II;;PI4KII;;PI4KII-ALPHA		NA
PI4KB	1	151291797	151327715	ENSG00000143393	602758	PHOSPHATIDYLINOSITOL 4-KINASE, CATALYTIC, BETA; PIK4CB;;PI4K-BETA; PI4KB;;PHOSPHATIDYLINOSITOL 4-KINASE, TYPE III, BETA;;PI4KIII-BETA;;PHOSPHATIDYLINOSITOL 4-KINASE, WORTMANNIN-SENSITIVE		NA
PIK3CD	1	9651731	9729114	ENSG00000171608	602839	PHOSPHATIDYLINOSITOL 3-KINASE, CATALYTIC, DELTA; PIK3CD;;PHOSPHATIDYLINOSITOL 3-KINASE, CATALYTIC, 110-KD, DELTA;;p110-DELTA;;PI3K-DELTA;;PIK3-DELTA	IMMUNODEFICIENCY 14; IMD14;;ACTIVATED PI3K-DELTA SYNDROME; APDS;;p110-DELTA-ACTIVATING MUTATION CAUSING SENESCENT T CELLS, LYMPHADENOPATHY, AND IMMUNODEFICIENCY; PASLI	615513
PIM3	22	49960768	49964072	ENSG00000198355	610580	ONCOGENE PIM3; PIM3;;SERINE/THREONINE PROTEIN KINASE PIM3		NA
PKN2	1	88684222	88836255	ENSG00000065243	602549	PROTEIN KINASE N2; PKN2;;PROTEIN KINASE C-LIKE 2; PRKCL2;;PROTEIN-KINASE C-RELATED KINASE 2; PRK2;;PAK2, RAT, HOMOLOG OF		NA
PLAA	9	26903372	26947242	ENSG00000137055	603873	PHOSPHOLIPASE A2-ACTIVATING PROTEIN; PLAA;;PLAP	NEURODEVELOPMENTAL DISORDER WITH PROGRESSIVE MICROCEPHALY, SPASTICITY, AND BRAIN ANOMALIES; NDMSBA	617527
PLEC	8	143915147	143976734	ENSG00000178209	601282	PLECTIN; PLEC;;PLEC1;;PCN; PLTN	EPIDERMOLYSIS BULLOSA SIMPLEX WITH NAIL DYSTROPHY; EBSND	616487
PLEC	8	143915147	143976734	ENSG00000178209	601282	PLECTIN; PLEC;;PLEC1;;PCN; PLTN	EPIDERMOLYSIS BULLOSA SIMPLEX, OGNA TYPE; EBSOG	131950
PLEC	8	143915147	143976734	ENSG00000178209	601282	PLECTIN; PLEC;;PLEC1;;PCN; PLTN	MUSCULAR DYSTROPHY, LIMB-GIRDLE, AUTOSOMAL RECESSIVE 17; LGMDR17;;MUSCULAR DYSTROPHY, LIMB-GIRDLE, TYPE 2Q; LGMD2Q	613723
PLEC	8	143915147	143976734	ENSG00000178209	601282	PLECTIN; PLEC;;PLEC1;;PCN; PLTN	EPIDERMOLYSIS BULLOSA JUNCTIONALIS WITH PYLORIC ATRESIA;;EPIDERMOLYSIS BULLOSA, JUNCTIONAL, WITH PYLORIC ATRESIA;;JUNCTIONAL EPIDERMOLYSIS BULLOSA WITH PYLORIC ATRESIA;;JEB-PA;;EPIDERMOLYSIS BULLOSA, JUNCTIONAL, WITH PYLORIC ATRESIA AND APLASIA CUTI /.../ENITA;;EB-PA-ACC;;CARMI SYNDROME;;APLASIA CUTIS CONGENITA WITH GASTROINTESTINAL ATRESIA	226730
PLEC	8	143915147	143976734	ENSG00000178209	601282	PLECTIN; PLEC;;PLEC1;;PCN; PLTN	EPIDERMOLYSIS BULLOSA SIMPLEX WITH PYLORIC ATRESIA; EBSPA;;EBS WITH PYLORIC ATRESIA	612138
PLEC	8	143915147	143976734	ENSG00000178209	601282	PLECTIN; PLEC;;PLEC1;;PCN; PLTN	EPIDERMOLYSIS BULLOSA SIMPLEX WITH MUSCULAR DYSTROPHY; EBSMD;;EPIDERMOLYSIS BULLOSA SIMPLEX AND LIMB-GIRDLE MUSCULAR DYSTROPHY;;MD-EBS; MDEBS	226670
PLEKHA6	1	204218853	204377665	ENSG00000143850	607771	PLECKSTRIN HOMOLOGY DOMAIN-CONTAINING PROTEIN, FAMILY A, MEMBER 6; PLEKHA6;;PHOSPHATIDYLINOSITOL 3-PHOSPHATE-BINDING PH DOMAIN PROTEIN 3; PEPP3;;KIAA0969		NA
PLOD1	1	11934205	11975538	ENSG00000083444	153454	PROCOLLAGEN-LYSINE, 2-OXOGLUTARATE 5-DIOXYGENASE; PLOD1;;LYSYL HYDROXYLASE; LLH; LH;;LYSYL HYDROXYLASE 1; LH1;;LYSINE HYDROXYLASE	EHLERS-DANLOS SYNDROME, KYPHOSCOLIOTIC TYPE, 1; EDSKSCL1;;EHLERS-DANLOS SYNDROME, TYPE VI; EDS6;;EDS VI;;EHLERS-DANLOS SYNDROME, OCULAR-SCOLIOTIC TYPE;;NEVO SYNDROME;;EHLERS-DANLOS SYNDROME, TYPE VIA, FORMERLY; EDS6A, FORMERLY	225400
PLXNA3	X	154458281	154477779	ENSG00000130827	300022	PLEXIN A3; PLXNA3;;PLEXIN 4; PLXN4;;TRANSMEMBRANE PROTEIN SEX; SEX		NA
PNISR	6	99398050	99425331	ENSG00000132424	616653	PNN-INTERACTING SERINE/ARGININE-RICH PROTEIN; PNISR;;SERINE/ARGININE-RICH SPLICING REGULATORY PROTEIN, 130-KD; SRRP130;;SPLICING FACTOR, ARGININE/SERINE-RICH, 18; SFRS18		NA
POGK	1	166839447	166856359	ENSG00000143157	NA			NA
POLR1E	9	37485948	37503697	ENSG00000137054	NA			NA
POLR3H	22	41525799	41544606	ENSG00000100413	NA			NA
PPARGC1B	5	149730298	149855022	ENSG00000155846	608886	PEROXISOME PROLIFERATOR-ACTIVATED RECEPTOR-GAMMA, COACTIVATOR 1, BETA; PPARGC1B;;PPAR-GAMMA COACTIVATOR 1-BETA; PGC1B;;PGC1-BETA;;PGC1-RELATED ESTROGEN RECEPTOR COACTIVATOR; PERC;;ESTROGEN RECEPTOR-RELATED RECEPTOR LIGAND 1; ERRL1		NA
PPAT	4	56393362	56435615	ENSG00000128059	172450	PHOSPHORIBOSYLPYROPHOSPHATE AMIDOTRANSFERASE; PPAT;;GLUTAMINE PHOSPHORIBOSYLPYROPHOSPHATE AMIDOTRANSFERASE; GPAT		NA
PPCS	1	42456117	42473385	ENSG00000127125	609853	PHOSPHOPANTOTHENOYLCYSTEINE SYNTHETASE; PPCS	CARDIOMYOPATHY, DILATED, 2C; CMD2C	618189
PPP1CA	11	67398183	67421183	ENSG00000172531	176875	PROTEIN PHOSPHATASE 1, CATALYTIC SUBUNIT, ALPHA ISOFORM; PPP1CA;;PROTEIN PHOSPHATASE 1, ALPHA SUBUNIT; PPP1A		NA
PPP1R12A	12	79773563	79935460	ENSG00000058272	602021	PROTEIN PHOSPHATASE 1, REGULATORY SUBUNIT 12A; PPP1R12A;;MYOSIN PHOSPHATASE TARGET SUBUNIT 1; MYPT1;;MYOSIN PHOSPHATASE, MYOSIN-BINDING SUBUNIT	GENITOURINARY AND/OR BRAIN MALFORMATION SYNDROME; GUBS	618820
PPP1R7	2	241149576	241183652	ENSG00000115685	602877	PROTEIN PHOSPHATASE 1, REGULATORY SUBUNIT 7; PPP1R7;;SDS22, S. POMBE, HOMOLOG OF		NA
PPP6R1	19	55229779	55259017	ENSG00000105063	610875	SAPS DOMAIN FAMILY, MEMBER 1; SAPS1;;PROTEIN PHOSPHATASE 6, REGULATORY SUBUNIT 1; PP6R1;;KIAA1115		NA
PRDM10	11	129899706	130002835	ENSG00000170325	618319	PR DOMAIN-CONTAINING PROTEIN 10; PRDM10;;TRISTANIN; TRIS;;KIAA1231		NA
PREP	6	105273218	105454062	ENSG00000085377	600400	PROLYL ENDOPEPTIDASE; PREP;;PROLYL OLIGOPEPTIDASE		NA
PRPF18	10	13586939	13630859	ENSG00000165630	604993	PRE-mRNA-PROCESSING FACTOR 18; PRPF18;;PRECURSOR mRNA-PROCESSING FACTOR 18, S. CEREVISIAE, HOMOLOG OF; PRP18		NA
PRR14L	22	31676256	31750140	ENSG00000183530	NA			NA
PSAP	10	71816298	71851325	ENSG00000197746	176801	PROSAPOSIN; PSAP;;SPHINGOLIPID ACTIVATOR PROTEIN 1, FORMERLY; SAP1, FORMERLY;;SPHINGOLIPID ACTIVATOR PROTEIN 2, FORMERLY; SAP2, FORMERLY SAPOSIN A, INCLUDED; SAPA, INCLUDED;;SAPOSIN B, INCLUDED; SAPB, INCLUDED;;SAPOSIN C, INCLUDED; SAPC, INCLUDED;;S /.../ D, INCLUDED; SAPD, INCLUDED	GAUCHER DISEASE, ATYPICAL, DUE TO SAPOSIN C DEFICIENCY	610539
PSAP	10	71816298	71851325	ENSG00000197746	176801	PROSAPOSIN; PSAP;;SPHINGOLIPID ACTIVATOR PROTEIN 1, FORMERLY; SAP1, FORMERLY;;SPHINGOLIPID ACTIVATOR PROTEIN 2, FORMERLY; SAP2, FORMERLY SAPOSIN A, INCLUDED; SAPA, INCLUDED;;SAPOSIN B, INCLUDED; SAPB, INCLUDED;;SAPOSIN C, INCLUDED; SAPC, INCLUDED;;S /.../ D, INCLUDED; SAPD, INCLUDED	KRABBE DISEASE, ATYPICAL, DUE TO SAPOSIN A DEFICIENCY;;SAPOSIN A DEFICIENCY	611722
PSAP	10	71816298	71851325	ENSG00000197746	176801	PROSAPOSIN; PSAP;;SPHINGOLIPID ACTIVATOR PROTEIN 1, FORMERLY; SAP1, FORMERLY;;SPHINGOLIPID ACTIVATOR PROTEIN 2, FORMERLY; SAP2, FORMERLY SAPOSIN A, INCLUDED; SAPA, INCLUDED;;SAPOSIN B, INCLUDED; SAPB, INCLUDED;;SAPOSIN C, INCLUDED; SAPC, INCLUDED;;S /.../ D, INCLUDED; SAPD, INCLUDED	METACHROMATIC LEUKODYSTROPHY DUE TO SAPOSIN B DEFICIENCY;;METACHROMATIC LEUKODYSTROPHY DUE TO CEREBROSIDE SULFATASE ACTIVATOR DEFICIENCY;;SAPOSIN B DEFICIENCY	249900
PSAP	10	71816298	71851325	ENSG00000197746	176801	PROSAPOSIN; PSAP;;SPHINGOLIPID ACTIVATOR PROTEIN 1, FORMERLY; SAP1, FORMERLY;;SPHINGOLIPID ACTIVATOR PROTEIN 2, FORMERLY; SAP2, FORMERLY SAPOSIN A, INCLUDED; SAPA, INCLUDED;;SAPOSIN B, INCLUDED; SAPB, INCLUDED;;SAPOSIN C, INCLUDED; SAPC, INCLUDED;;S /.../ D, INCLUDED; SAPD, INCLUDED	COMBINED SAPOSIN DEFICIENCY;;PROSAPOSIN DEFICIENCY; PSAPD;;COMBINED SAP DEFICIENCY	611721
PSME3IP1	16	57152466	57186116	ENSG00000172775	617766	FAMILY WITH SEQUENCE SIMILARITY 192, MEMBER A; FAM192A;;NEFA-INTERACTING NUCLEAR PROTEIN 30; NIP30;;CHROMOSOME 16 OPEN READING FRAME 94; C16ORF94		NA
PSMG3	7	1567332	1571005	ENSG00000157778	617528	PROTEASOME ASSEMBLY CHAPERONE 3; PSMG3;;PAC3		NA
PTPMT1	CHR_HG2114_PATCH	47565430	47573461	ENSG00000285206	609538	PROTEIN-TYROSINE PHOSPHATASE, MITOCHONDRIAL, 1; PTPMT1;;PTEN-LIKE PHOSPHATASE; PLIP;;PHOSPHOINOSITIDE LIPID PHOSPHATASE		NA
PTPMT1	11	47565430	47573461	ENSG00000110536	609538	PROTEIN-TYROSINE PHOSPHATASE, MITOCHONDRIAL, 1; PTPMT1;;PTEN-LIKE PHOSPHATASE; PLIP;;PHOSPHOINOSITIDE LIPID PHOSPHATASE		NA
RAB11FIP2	10	118004916	118046941	ENSG00000107560	608599	RAB11 FAMILY-INTERACTING PROTEIN 2; RAB11FIP2;;KIAA0941		NA
RAB21	12	71754863	71800286	ENSG00000080371	612398	RAB-ASSOCIATED PROTEIN RAB21; RAB21;;KIAA0118		NA
RACGAP1	12	49976923	50033136	ENSG00000161800	604980	RAC GTPase-ACTIVATING PROTEIN 1; RACGAP1;;RAC GTPase-ACTIVATING PROTEIN, MALE GERM CELL; MGCRACGAP;;CYK4, C. ELEGANS, HOMOLOG OF		NA
RAD1	5	34905260	34918989	ENSG00000113456	603153	RAD1 CHECKPOINT DNA EXONUCLEASE; RAD1;;RAD1, S. POMBE, HOMOLOG OF		NA
RAN	12	130872037	130877678	ENSG00000132341	601179	RAS-RELATED NUCLEAR PROTEIN; RAN		NA
RANBP2	2	108719482	108785809	ENSG00000153201	601181	RAN-BINDING PROTEIN 2; RANBP2;;NUP358	ENCEPHALOPATHY, ACUTE, INFECTION-INDUCED, SUSCEPTIBILITY TO, 3; IIAE3;;ENCEPHALOPATHY, ACUTE NECROTIZING, SUSCEPTIBILITY TO; ANE	608033
RAPGEF6	5	131423921	131635231	ENSG00000158987	610499	RAP GUANINE NUCLEOTIDE EXCHANGE FACTOR 6; RAPGEF6;;RAS-ASSOCIATING GUANINE NUCLEOTIDE EXCHANGE FACTOR 2; RAGEF2;;PDZ DOMAIN-CONTAINING GUANINE NUCLEOTIDE EXCHANGE FACTOR 2; PDZGEF2		NA
RASA1	5	87267883	87391931	ENSG00000145715	139150	RAS p21 PROTEIN ACTIVATOR 1; RASA1;;GUANOSINE TRIPHOSPHATASE-ACTIVATING PROTEIN;;GTPase-ACTIVATING PROTEIN; GAP;;p120 RASGAP	CAPILLARY MALFORMATION-ARTERIOVENOUS MALFORMATION 1; CMAVM1;;CAPILLARY MALFORMATION-ARTERIOVENOUS MALFORMATION; CMAVM	608354
RASA1	5	87267883	87391931	ENSG00000145715	139150	RAS p21 PROTEIN ACTIVATOR 1; RASA1;;GUANOSINE TRIPHOSPHATASE-ACTIVATING PROTEIN;;GTPase-ACTIVATING PROTEIN; GAP;;p120 RASGAP	BASAL CELL CARCINOMA, SUSCEPTIBILITY TO, 1; BCC1 BASAL CELL CARCINOMA, NONSYNDROMIC, INCLUDED;;BASAL CELL CARCINOMA, MULTIPLE, INCLUDED	605462
RBBP8	18	22798261	23026488	ENSG00000101773	604124	RETINOBLASTOMA-BINDING PROTEIN 8; RBBP8;;RETINOBLASTOMA-INTERACTING AND MYOSIN-LIKE; RIM;;CTBP-INTERACTING PROTEIN; CTIP	JAWAD SYNDROME; JWDS;;KELLY SYNDROME;;MICROCEPHALY WITH MENTAL RETARDATION AND DIGITAL ANOMALIES	251255
RBBP8	18	22798261	23026488	ENSG00000101773	604124	RETINOBLASTOMA-BINDING PROTEIN 8; RBBP8;;RETINOBLASTOMA-INTERACTING AND MYOSIN-LIKE; RIM;;CTBP-INTERACTING PROTEIN; CTIP	SECKEL SYNDROME 2; SCKL2;;SECKEL-TYPE DWARFISM 2;;MICROCEPHALIC PRIMORDIAL DWARFISM 2	606744
RBM19	12	113816738	113966325	ENSG00000122965	616444	RNA-BINDING MOTIF PROTEIN 19; RBM19;;KIAA0682		NA
RBM25	14	73058532	73123899	ENSG00000119707	612427	RNA-BINDING MOTIF PROTEIN 25; RBM25;;ARG/GLU/ASP-RICH PROTEIN, 120-KD; RED120		NA
RCC1L	7	75027122	75074228	ENSG00000274523	NA			NA
RCE1	11	66842835	66846552	ENSG00000173653	605385	PRENYL PROTEIN PROTEASE RCE1; RCE1		NA
RELA	11	65653597	65663090	ENSG00000173039	164014	RELA PROTOONCOGENE, NFKB SUBUNIT; RELA;;V-REL AVIAN RETICULOENDOTHELIOSIS VIRAL ONCOGENE HOMOLOG A;;NUCLEAR FACTOR KAPPA-B, SUBUNIT 3; NFKB3;;TRANSCRIPTION FACTOR NFKB3;;NFKB, p65 SUBUNIT;;NUCLEAR FACTOR OF KAPPA LIGHT CHAIN GENE ENHANCER IN B CELLS /.../A/C11ORF95 FUSION GENE, INCLUDED	MUCOCUTANEOUS ULCERATION, CHRONIC; CMCU	618287
RFC2	7	74231499	74254458	ENSG00000049541	600404	REPLICATION FACTOR C, SUBUNIT 2; RFC2;;RFC, 40-KD SUBUNIT;;RFC4, YEAST, HOMOLOG OF		NA
RFWD3	16	74621399	74666877	ENSG00000168411	614151	RING FINGER AND WD REPEAT DOMAINS-CONTAINING PROTEIN 3; RFWD3	FANCONI ANEMIA, COMPLEMENTATION GROUP W; FANCW	617784
RHOT1	17	32142454	32253374	ENSG00000126858	613888	RAS HOMOLOG GENE FAMILY, MEMBER T1; RHOT1;;MITOCHONDRIAL RHO 1; MIRO1;;ARHT1		NA
RNF4	4	2462220	2625320	ENSG00000063978	602850	RING FINGER PROTEIN 4; RNF4		NA
RNMT	18	13726660	13764556	ENSG00000101654	603514	RNA GUANINE-7-METHYLTRANSFERASE; RNMT;;MET		NA
ROR2	9	91563091	91950228	ENSG00000169071	602337	RECEPTOR TYROSINE KINASE-LIKE ORPHAN RECEPTOR 2; ROR2;;NEUROTROPHIC TYROSINE KINASE, RECEPTOR-RELATED 2; NTRKR2	ROBINOW SYNDROME, AUTOSOMAL RECESSIVE 1; RRS1;;COSTOVERTEBRAL SEGMENTATION DEFECT WITH MESOMELIA, FORMERLY;;COVESDEM SYNDROME, FORMERLY ROBINOW SYNDROME, AUTOSOMAL RECESSIVE, WITH APLASIA/HYPOPLASIA OF PHALANGES AND METACARPALS/METATARSALS, INCLUDED /.../NOW SYNDROME, AUTOSOMAL RECESSIVE, WITH BRACHY-SYN-POLYDACTYLY, INCLUDED	268310
ROR2	9	91563091	91950228	ENSG00000169071	602337	RECEPTOR TYROSINE KINASE-LIKE ORPHAN RECEPTOR 2; ROR2;;NEUROTROPHIC TYROSINE KINASE, RECEPTOR-RELATED 2; NTRKR2	BRACHYDACTYLY, TYPE B1; BDB1;;BRACHYDACTYLY, TYPE B; BDB	113000
RORB	9	74497335	74693177	ENSG00000198963	601972	RAR-RELATED ORPHAN RECEPTOR B; RORB;;RAR-RELATED ORPHAN RECEPTOR BETA;;RZR-BETA; RZRB;;RETINOIC ACID-BINDING RECEPTOR BETA	EPILEPSY, IDIOPATHIC GENERALIZED, SUSCEPTIBILITY TO, 15; EIG15	618357
RPL18	19	48615328	48619184	ENSG00000063177	604179	RIBOSOMAL PROTEIN L18; RPL18	DIAMOND-BLACKFAN ANEMIA 18; DBA18	618310
RRS1	8	66429014	66430733	ENSG00000179041	618311	RIBOSOME BIOGENESIS REGULATOR 1, S. CEREVISIAE, HOMOLOG OF; RRS1		NA
RSPRY1	16	57186137	57240469	ENSG00000159579	616585	RING FINGER- AND SPRY DOMAIN-CONTAINING PROTEIN 1; RSPRY1;;KIAA1972	SPONDYLOEPIMETAPHYSEAL DYSPLASIA, FADEN-ALKURAYA TYPE; SEMDFA;;SPONDYLOEPIMETAPHYSEAL DYSPLASIA, PROGRESSIVE, WITH SHORT STATURE, FACIAL DYSMORPHISM, SHORT FOURTH METATARSALS, AND MENTAL RETARDATION, WITH OR WITHOUT CRANIOSYNOSTOSIS	616723
RTL9	X	110358816	110456334	ENSG00000243978	300965	RETROTRANSPOSON GAG DOMAIN-CONTAINING PROTEIN 1; RGAG1;;MAMMALIAN RETROTRANSPOSON-DERIVED GENE 9; MART9; MAR9;;KIAA1318		NA
RTN4RL2	11	57460528	57477534	ENSG00000186907	610462	RETICULON 4 RECEPTOR-LIKE 2; RTN4RL2;;NOGO-66 RECEPTOR HOMOLOG 1; NGRH1;;NOGO-66 RECEPTOR-RELATED PROTEIN 2; NGR2		NA
RXYLT1	12	63779842	63809562	ENSG00000118600	605862	RIBITOL XYLOSYLTRANSFERASE 1; RXYLT1;;TRANSMEMBRANE PROTEIN 5; TMEM5	MUSCULAR DYSTROPHY-DYSTROGLYCANOPATHY (CONGENITAL WITH BRAIN AND EYE ANOMALIES), TYPE A, 10; MDDGA10;;WALKER-WARBURG SYNDROME OR MUSCLE-EYE-BRAIN DISEASE, TMEM5-RELATED	615041
RYR2	1	237042184	237833988	ENSG00000198626	180902	RYANODINE RECEPTOR 2; RYR2;;RYANODINE RECEPTOR, CARDIAC	ARRHYTHMOGENIC RIGHT VENTRICULAR DYSPLASIA, FAMILIAL, 2; ARVD2;;ARRHYTHMOGENIC RIGHT VENTRICULAR CARDIOMYOPATHY 2; ARVC2	600996
RYR2	1	237042184	237833988	ENSG00000198626	180902	RYANODINE RECEPTOR 2; RYR2;;RYANODINE RECEPTOR, CARDIAC	VENTRICULAR TACHYCARDIA, CATECHOLAMINERGIC POLYMORPHIC, 1, WITH OR WITHOUT ATRIAL DYSFUNCTION AND/OR DILATED CARDIOMYOPATHY; CPVT1;;VENTRICULAR TACHYCARDIA, STRESS-INDUCED POLYMORPHIC; VTSIP	604772
SACM1L	3	45689056	45745409	ENSG00000211456	606569	SUPPRESSOR OF ACTIN MUTATIONS 1-LIKE; SACM1L;;SUPPRESSOR OF ACTIN 1; SAC1;;KIAA0851		NA
SAMHD1	20	36890229	36951843	ENSG00000101347	606754	SAM DOMAIN- AND HD DOMAIN-CONTAINING PROTEIN 1; SAMHD1;;DENDRITIC CELL-DERIVED IFNG-INDUCED PROTEIN; DCIP	CHILBLAIN LUPUS 2; CHBL2	614415
SAMHD1	20	36890229	36951843	ENSG00000101347	606754	SAM DOMAIN- AND HD DOMAIN-CONTAINING PROTEIN 1; SAMHD1;;DENDRITIC CELL-DERIVED IFNG-INDUCED PROTEIN; DCIP	AICARDI-GOUTIERES SYNDROME 5; AGS5	612952
SCFD1	14	30622311	30735850	ENSG00000092108	618207	SEC1 FAMILY DOMAIN-CONTAINING PROTEIN 1; SCFD1;;SLY1, S. CEREVISIAE, HOMOLOG OF; SLY1;;RA410		NA
SCN1A	2	165984641	166149214	ENSG00000144285	182389	SODIUM CHANNEL, NEURONAL TYPE I, ALPHA SUBUNIT; SCN1A;;SODIUM CHANNEL, BRAIN TYPE I, ALPHA SUBUNIT; NAC1;;NAV1.1	EPILEPTIC ENCEPHALOPATHY, EARLY INFANTILE, 6; EIEE6;;DRAVET SYNDROME;;SEVERE MYOCLONIC EPILEPSY OF INFANCY; SMEI	607208
SCN1A	2	165984641	166149214	ENSG00000144285	182389	SODIUM CHANNEL, NEURONAL TYPE I, ALPHA SUBUNIT; SCN1A;;SODIUM CHANNEL, BRAIN TYPE I, ALPHA SUBUNIT; NAC1;;NAV1.1	MIGRAINE, FAMILIAL HEMIPLEGIC, 3; FHM3	609634
SCN1A	2	165984641	166149214	ENSG00000144285	182389	SODIUM CHANNEL, NEURONAL TYPE I, ALPHA SUBUNIT; SCN1A;;SODIUM CHANNEL, BRAIN TYPE I, ALPHA SUBUNIT; NAC1;;NAV1.1	GENERALIZED EPILEPSY WITH FEBRILE SEIZURES PLUS, TYPE 2; GEFSP2;;GEFS+, TYPE 2; GEFS+2  FEBRILE SEIZURES, FAMILIAL, 3A, INCLUDED; FEB3A, INCLUDED	604403
SCUBE1	22	43197280	43343372	ENSG00000159307	611746	SIGNAL PEPTIDE-, CUB DOMAIN-, AND EGF-LIKE DOMAINS-CONTAINING PROTEIN 1; SCUBE1		NA
SDF2L1	22	21642302	21644299	ENSG00000128228	607551	STROMAL CELL-DERIVED FACTOR 2-LIKE 1; SDF2L1;;SDF2-LIKE 1		NA
SDHB	1	17018722	17054032	ENSG00000117118	185470	SUCCINATE DEHYDROGENASE COMPLEX, SUBUNIT B, IRON SULFUR PROTEIN; SDHB;;SUCCINATE DEHYDROGENASE 2, S. CEREVISIAE, HOMOLOG OF;;SDH2, HOMOLOG OF	GASTROINTESTINAL STROMAL TUMOR; GIST	606764
SDHB	1	17018722	17054032	ENSG00000117118	185470	SUCCINATE DEHYDROGENASE COMPLEX, SUBUNIT B, IRON SULFUR PROTEIN; SDHB;;SUCCINATE DEHYDROGENASE 2, S. CEREVISIAE, HOMOLOG OF;;SDH2, HOMOLOG OF	PARAGANGLIOMA AND GASTRIC STROMAL SARCOMA;;CARNEY-STRATAKIS SYNDROME;;PARAGANGLIOMA AND GASTROINTESTINAL STROMAL TUMOR	606864
SDHB	1	17018722	17054032	ENSG00000117118	185470	SUCCINATE DEHYDROGENASE COMPLEX, SUBUNIT B, IRON SULFUR PROTEIN; SDHB;;SUCCINATE DEHYDROGENASE 2, S. CEREVISIAE, HOMOLOG OF;;SDH2, HOMOLOG OF	PARAGANGLIOMAS 4; PGL4;;CAROTID BODY TUMORS AND MULTIPLE EXTRAADRENAL PHEOCHROMOCYTOMAS;;PHEOCHROMOCYTOMA, EXTRAADRENAL, AND CERVICAL PARAGANGLIOMA;;PARAGANGLIOMAS, HEREDITARY EXTRAADRENAL;;PHEOCHROMOCYTOMA, FAMILIAL EXTRAADRENAL;;PARAGANGLIOMA, FAM /.../MALIGNANT	115310
SDHB	1	17018722	17054032	ENSG00000117118	185470	SUCCINATE DEHYDROGENASE COMPLEX, SUBUNIT B, IRON SULFUR PROTEIN; SDHB;;SUCCINATE DEHYDROGENASE 2, S. CEREVISIAE, HOMOLOG OF;;SDH2, HOMOLOG OF	PHEOCHROMOCYTOMA;;PHEOCHROMOCYTOMA, SUSCEPTIBILITY TO	171300
SEC16A	9	136440096	136483759	ENSG00000148396	612854	SEC16 HOMOLOG A, ENDOPLASMIC RETICULUM EXPORT FACTOR; SEC16A;;SEC16, S. CEREVISIAE, HOMOLOG OF, A;;SEC16L;;p250;;KIAA0310		NA
SEL1L	14	81471547	81533853	ENSG00000071537	602329	SUPPRESSOR OF LIN12-LIKE; SEL1L;;SEL1-LIKE		NA
SELENOI	2	26308547	26395891	ENSG00000138018	607915	SELENOPROTEIN I; SELENOI;;SELI	SPASTIC PARAPLEGIA 81, AUTOSOMAL RECESSIVE; SPG81	618768
SEMA4C	2	96859718	96870757	ENSG00000168758	604462	SEMAPHORIN 4C; SEMA4C;;SEMAPHORIN F; SEMAF;;KIAA1739		NA
SENP2	3	185582496	185633551	ENSG00000163904	608261	SENTRIN-SPECIFIC PROTEASE FAMILY, MEMBER 2; SENP2;;SUMO-SPECIFIC PROTEASE 2;;SMT3-SPECIFIC ISOPEPTIDASE 2, MOUSE, HOMOLOG OF; SMT3IP2;;AXAM2, RAT, HOMOLOG OF; AXAM2;;KIAA1331		NA
SENP6	6	75601509	75718281	ENSG00000112701	605003	SENTRIN-SPECIFIC PROTEASE FAMILY, MEMBER 6; SENP6;;SUMO1-SPECIFIC PROTEASE 1; SUSP1; SSP1  SUSP1/TCBA1 FUSION GENE, INCLUDED		NA
SGK1	6	134169246	134318112	ENSG00000118515	602958	SERUM/GLUCOCORTICOID-REGULATED KINASE 1; SGK1;;SGK		NA
SIK2	11	111602449	111730855	ENSG00000170145	608973	SALT-INDUCIBLE KINASE 2; SIK2;;SALT-INDUCIBLE SERINE/THREONINE KINASE 2;;SNF1-LIKE KINASE 2; SNF1LK2;;KIAA0781		NA
SIPA1L2	1	232397965	232630571	ENSG00000116991	611609	SIPA1-LIKE PROTEIN 2; SIPA1L2;;KIAA1389		NA
SLAIN1	13	77697687	77764242	ENSG00000139737	610491	SLAIN MOTIF FAMILY, MEMBER 1; SLAIN1		NA
SLC13A4	7	135681237	135729258	ENSG00000164707	604309	SOLUTE CARRIER FAMILY 13 (SODIUM-DEPENDENT DICARBOXYLATE TRANSPORTER), MEMBER 4; SLC13A4;;SULFATE TRANSPORTER 1; SUT1		NA
SLC25A19	17	75272981	75289510	ENSG00000125454	606521	SOLUTE CARRIER FAMILY 25 (MITOCHONDRIAL THIAMINE PYROPHOSPHATE CARRIER), MEMBER 19; SLC25A19;;MITOCHONDRIAL UNCOUPLING PROTEIN 1; MUP1;;MITOCHONDRIAL THIAMINE PYROPHOSPHATE CARRIER; TPC;;MITOCHONDRIAL DEOXYNUCLEOTIDE CARRIER, FORMERLY; DNC, FORMERLY	MICROCEPHALY, AMISH TYPE; MCPHA;;AMISH LETHAL MICROCEPHALY;;THIAMINE METABOLISM DYSFUNCTION SYNDROME 3 (MICROCEPHALY TYPE); THMD3	607196
SLC25A19	17	75272981	75289510	ENSG00000125454	606521	SOLUTE CARRIER FAMILY 25 (MITOCHONDRIAL THIAMINE PYROPHOSPHATE CARRIER), MEMBER 19; SLC25A19;;MITOCHONDRIAL UNCOUPLING PROTEIN 1; MUP1;;MITOCHONDRIAL THIAMINE PYROPHOSPHATE CARRIER; TPC;;MITOCHONDRIAL DEOXYNUCLEOTIDE CARRIER, FORMERLY; DNC, FORMERLY	THIAMINE METABOLISM DYSFUNCTION SYNDROME 4 (BILATERAL STRIATAL DEGENERATION AND PROGRESSIVE POLYNEUROPATHY TYPE); THMD4;;BILATERAL STRIATAL DEGENERATION AND PROGRESSIVE POLYNEUROPATHY;;STRIATAL NECROSIS, BILATERAL, AND PROGRESSIVE POLYNEUROPATHY	613710
SLC33A1	3	155821024	155854456	ENSG00000169359	603690	SOLUTE CARRIER FAMILY 33 (ACETYL-CoA TRANSPORTER), MEMBER 1; SLC33A1;;ACETYL-CoA TRANSPORTER; ACATN;;AT1	SPASTIC PARAPLEGIA 42, AUTOSOMAL DOMINANT; SPG42	612539
SLC33A1	3	155821024	155854456	ENSG00000169359	603690	SOLUTE CARRIER FAMILY 33 (ACETYL-CoA TRANSPORTER), MEMBER 1; SLC33A1;;ACETYL-CoA TRANSPORTER; ACATN;;AT1	CONGENITAL CATARACTS, HEARING LOSS, AND NEURODEGENERATION; CCHLND	614482
SLC35A2	X	48903180	48911958	ENSG00000102100	314375	SOLUTE CARRIER FAMILY 35 (UDP-GALACTOSE TRANSPORTER), MEMBER 2; SLC35A2;;UDP-GALACTOSE TRANSLOCATOR; UGALT UDP-GALACTOSE TRANSPORTER, ISOFORM 1, INCLUDED; UGT1, INCLUDED;;UDP-GALACTOSE TRANSPORTER, ISOFORM 2, INCLUDED; UGT2, INCLUDED	CONGENITAL DISORDER OF GLYCOSYLATION, TYPE IIm; CDG2M;;CDG IIm; CDGIIm;;EPILEPTIC ENCEPHALOPATHY, EARLY INFANTILE, 22; EIEE22	300896
SLC35B1	17	49700934	49709014	ENSG00000121073	610790	SOLUTE CARRIER FAMILY 35, MEMBER B1; SLC35B1;;UDP-GALACTOSE TRANSPORTER-RELATED 1; UGTREL1		NA
SLC35C1	11	45804072	45813016	ENSG00000181830	605881	SOLUTE CARRIER FAMILY 35, MEMBER C1; SLC35C1;;GDP-FUCOSE TRANSPORTER 1	CONGENITAL DISORDER OF GLYCOSYLATION, TYPE IIc; CDG2C;;CDG IIc; CDGIIc;;LEUKOCYTE ADHESION DEFICIENCY, TYPE II; LAD2;;RAMBAM-HASHARON SYNDROME; RHS	266265
SLC4A4	4	71062667	71572087	ENSG00000080493	603345	SOLUTE CARRIER FAMILY 4 (SODIUM BICARBONATE COTRANSPORTER), MEMBER 4; SLC4A4;;SODIUM BICARBONATE COTRANSPORTER 1; NBC1;;SOLUTE CARRIER FAMILY 4 (SODIUM BICARBONATE COTRANSPORTER), MEMBER 5, FORMERLY; SLC4A5, FORMERLY  SODIUM BICARBONATE COTRANSPORTE /.../NEY, INCLUDED; KNBC, INCLUDED; KNBC1, INCLUDED;;SODIUM BICARBONATE COTRANSPORTER, PANCREAS, INCLUDED; PNBC, INCLUDED; PNBC1, INCLUDED;;SODIUM BICARBONATE COTRANSPORTER, HEART, INCLUDED; HHNBC, INCLUDED; HHNBC1, INCLUDED	RENAL TUBULAR ACIDOSIS, PROXIMAL, WITH OCULAR ABNORMALITIES AND MENTAL RETARDATION;;RTA, PROXIMAL, AUTOSOMAL RECESSIVE	604278
SLIT2	4	20251905	20620561	ENSG00000145147	603746	SLIT GUIDANCE LIGAND 2; SLIT2;;SLIT, DROSOPHILA, HOMOLOG OF, 2		NA
SMURF2	17	64542282	64662307	ENSG00000108854	605532	SMAD-SPECIFIC E3 UBIQUITIN PROTEIN LIGASE 2; SMURF2;;SMAD UBIQUITINATION REGULATORY FACTOR 2		NA
SNRPA1	15	101281510	101295282	ENSG00000131876	603521	SMALL NUCLEAR RIBONUCLEOPROTEIN POLYPEPTIDE A-PRIME; SNRPA1		NA
SNRPC	6	34757505	34773857	ENSG00000124562	603522	SMALL NUCLEAR RIBONUCLEOPROTEIN POLYPEPTIDE C; SNRPC		NA
SNX13	7	17790761	17940501	ENSG00000071189	606589	SORTING NEXIN 13; SNX13;;RGS DOMAIN- AND PHOX DOMAIN-CONTAINING PROTEIN; RGS-PX1;;KIAA0713		NA
SORT1	1	109309568	109397918	ENSG00000134243	602458	SORTILIN; SORT1;;NEUROTENSIN RECEPTOR 3; NTSR3; NT3;;NEUROTENSIN RECEPTOR, 100-KD  SORT1 TRANSCRIPTION FACTOR BINDING SITE 1, INCLUDED;;SORT1-TBS1, INCLUDED	LOW DENSITY LIPOPROTEIN CHOLESTEROL LEVEL QUANTITATIVE TRAIT LOCUS 6; LDLCQ6	613589
SOS1	2	38981549	39124345	ENSG00000115904	182530	SOS RAS/RAC GUANINE NUCLEOTIDE EXCHANGE FACTOR 1; SOS1;;SON OF SEVENLESS, DROSOPHILA, HOMOLOG 1;;SOS1 GUANINE NUCLEOTIDE EXCHANGE FACTOR	NOONAN SYNDROME 4; NS4	610733
SOS1	2	38981549	39124345	ENSG00000115904	182530	SOS RAS/RAC GUANINE NUCLEOTIDE EXCHANGE FACTOR 1; SOS1;;SON OF SEVENLESS, DROSOPHILA, HOMOLOG 1;;SOS1 GUANINE NUCLEOTIDE EXCHANGE FACTOR	FIBROMATOSIS, GINGIVAL, 1; GINGF1;;GINGF;;GGF1;;FIBROMATOSIS, GINGIVAL, HEREDITARY; HGF	135300
SOS2	14	50117130	50231578	ENSG00000100485	601247	SOS RAS/RAC GUANINE NUCLEOTIDE EXCHANGE FACTOR 2; SOS2;;SON OF SEVENLESS, DROSOPHILA, HOMOLOG 2	NOONAN SYNDROME 9; NS9	616559
SOX13	1	204073115	204127743	ENSG00000143842	604748	SRY-BOX 13; SOX13;;SRY-RELATED HMG-BOX GENE 12;;ISLET CELL ANTIBODY 12; ICA12		NA
SP1	12	53380176	53416446	ENSG00000185591	189906	TRANSCRIPTION FACTOR Sp1; SP1;;SPECIFICITY PROTEIN 1		NA
SPEG	2	219434843	219493629	ENSG00000072195	615950	SPEG COMPLEX LOCUS; SPEG AORTIC PREFERENTIALLY EXPRESSED PROTEIN 1, INCLUDED; APEG1, INCLUDED;;STRIATED MUSCLE PREFERENTIALLY EXPRESSED PROTEIN, ALPHA, INCLUDED;;SPEG-ALPHA, INCLUDED;;STRIATED MUSCLE PREFERENTIALLY EXPRESSED PROTEIN, BETA, INCLUDED; /.../BETA, INCLUDED;;BRAIN PREFERENTIALLY EXPRESSED PROTEIN, INCLUDED; BPEG, INCLUDED	MYOPATHY, CENTRONUCLEAR, 5; CNM5	615959
SPI1	11	47354860	47378547	ENSG00000066336	165170	SPLEEN FOCUS FORMING VIRUS PROVIRAL INTEGRATION ONCOGENE SPI1; SPI1;;ONCOGENE SPI1;;SFFV VIRUS-INDUCED MURINE ERYTHROLEUKEMIA ONCOGENE, MOUSE, HOMOLOG OF;;HEMATOPOIETIC TRANSCRIPTION FACTOR PU.1		NA
SRF	6	43171269	43181506	ENSG00000112658	600589	SERUM RESPONSE FACTOR; SRF;;C-FOS SERUM RESPONSE ELEMENT-BINDING FACTOR		NA
SRGAP1	12	63844700	64162217	ENSG00000196935	606523	SLIT-ROBO RHO GTPase-ACTIVATING PROTEIN 1; SRGAP1;;SLIT-ROBO GTPase-ACTIVATING PROTEIN, RHO, 1;;SLIT-ROBO GAP1;;KIAA1304;;ARHGAP13	THYROID CANCER, NONMEDULLARY, 2; NMTC2	188470
SRRM1	1	24631716	24673281	ENSG00000133226	605975	SERINE/ARGININE REPETITIVE MATRIX PROTEIN 1; SRRM1;;SERINE/ARGININE-RICH SPLICING FACTOR-RELATED NUCLEAR MATRIX PROTEIN, 160-KD;;SR-RELATED NUCLEAR MATRIX PROTEIN, 160-KD; SRM160		NA
ST7	7	116953238	117230103	ENSG00000004866	600833	SUPPRESSOR OF TUMORIGENICITY 7; ST7;;TSG7;;RAY1;;FAM4A1		NA
STAG2	X	123960212	124422664	ENSG00000101972	300826	STROMAL ANTIGEN 2; STAG2;;COHESIN SUBUNIT SA2	MULLEGAMA-KLEIN-MARTINEZ SYNDROME; MKMS;;NEURODEVELOPMENTAL DISORDER, X-LINKED, WITH CRANIOFACIAL ABNORMALITIES; NEDXCF	301022
STRA6	CHR_HG2198_PATCH	74179466	74212267	ENSG00000288257	610745	STIMULATED BY RETINOIC ACID 6; STRA6	MICROPHTHALMIA, SYNDROMIC 9; MCOPS9;;ANOPHTHALMIA, CLINICAL, WITH MILD FACIAL DYSMORPHISM AND VARIABLE MALFORMATIONS OF THE LUNG, HEART, AND DIAPHRAGM;;ANOPHTHALMIA/MICROPHTHALMIA AND PULMONARY HYPOPLASIA;;PULMONARY HYPOPLASIA-DIAPHRAGMATIC HERNIA-A /.../ALMIA-CARDIAC DEFECT; PDAC;;SPEAR SYNDROME;;MATTHEW-WOOD SYNDROME;;PULMONARY AGENESIS, MICROPHTHALMIA, AND DIAPHRAGMATIC DEFECT; PMD MICROPHTHALMIA, ISOLATED, WITH COLOBOMA 8, INCLUDED; MCOPCB8, INCLUDED	601186
STRA6	15	74179466	74212267	ENSG00000137868	610745	STIMULATED BY RETINOIC ACID 6; STRA6	MICROPHTHALMIA, SYNDROMIC 9; MCOPS9;;ANOPHTHALMIA, CLINICAL, WITH MILD FACIAL DYSMORPHISM AND VARIABLE MALFORMATIONS OF THE LUNG, HEART, AND DIAPHRAGM;;ANOPHTHALMIA/MICROPHTHALMIA AND PULMONARY HYPOPLASIA;;PULMONARY HYPOPLASIA-DIAPHRAGMATIC HERNIA-A /.../ALMIA-CARDIAC DEFECT; PDAC;;SPEAR SYNDROME;;MATTHEW-WOOD SYNDROME;;PULMONARY AGENESIS, MICROPHTHALMIA, AND DIAPHRAGMATIC DEFECT; PMD MICROPHTHALMIA, ISOLATED, WITH COLOBOMA 8, INCLUDED; MCOPCB8, INCLUDED	601186
SULF2	20	47656348	47786616	ENSG00000196562	610013	SULFATASE 2; SULF2;;KIAA1247		NA
SURF6	9	133328776	133336188	ENSG00000148296	185642	SURFEIT 6; SURF6		NA
SURF6	CHR_HG2030_PATCH	133328924	133336336	ENSG00000281309	185642	SURFEIT 6; SURF6		NA
SUZ12	17	31937007	32001038	ENSG00000178691	606245	SUZ12 POLYCOMB REPRESSIVE COMPLEX 2 SUBUNIT; SUZ12;;SUPPRESSOR OF ZESTE 12, DROSOPHILA, HOMOLOG OF;;JOINED TO JAZF1; JJAZ1;;KIAA0160 JJAZ1/JAZF1 FUSION GENE, INCLUDED	IMAGAWA-MATSUMOTO SYNDROME; IMMAS	618786
SYDE1	19	15107401	15114985	ENSG00000105137	617377	SYNAPSE DEFECTIVE RHO GTPase, C. ELEGANS, HOMOLOG OF, 1; SYDE1;;SYD1		NA
TAF6L	11	62771357	62787342	ENSG00000162227	602946	TAF6-LIKE RNA POLYMERASE II; TAF6L;;PCAF-ASSOCIATED FACTOR 65 ALPHA; PAF65A;;PCAF-ASSOCIATED FACTOR, 65-KD		NA
TBC1D22A	22	46762617	47175699	ENSG00000054611	616879	TBC1 DOMAIN FAMILY, MEMBER 22A; TBC1D22A;;CHROMOSOME 22 OPEN READING FRAME 4; C22ORF4		NA
TBX2	17	61399843	61409466	ENSG00000121068	600747	T-BOX 2; TBX2	VERTEBRAL ANOMALIES AND VARIABLE ENDOCRINE AND T-CELL DYSFUNCTION; VETD	618223
TFPI	2	187464230	187565760	ENSG00000003436	152310	TISSUE FACTOR PATHWAY INHIBITOR; TFPI;;EXTRINSIC PATHWAY INHIBITOR; EPI;;LIPOPROTEIN-ASSOCIATED COAGULATION INHIBITOR; LACI;;TFPI1		NA
TGFB2	1	218345336	218444619	ENSG00000092969	190220	TRANSFORMING GROWTH FACTOR, BETA-2; TGFB2	LOEYS-DIETZ SYNDROME 4; LDS4;;ANEURYSM, AORTIC AND CEREBRAL, WITH ARTERIAL TORTUOSITY AND SKELETAL MANIFESTATIONS	614816
THOC5	22	29505879	29555216	ENSG00000100296	612733	THO COMPLEX, SUBUNIT 5; THOC5;;FMS-INTERACTING PROTEIN; FMIP;;PK1.3;;FSAP79		NA
TLE4	9	79571773	79726882	ENSG00000106829	605132	TRANSDUCIN-LIKE ENHANCER OF SPLIT 4; TLE4;;ENHANCER OF SPLIT GROUCHO 4; ESG4;;GROUCHO-RELATED GENE 4; GRG4		NA
TMEM131L	4	153466346	153636711	ENSG00000121210	616243	KIAA0922 GENE; KIAA0922;;TRANSMEMBRANE PROTEIN 131-LIKE; TMEM131L		NA
TMEM183A	1	203007374	203024848	ENSG00000163444	NA			NA
TNS1	2	217799588	218033982	ENSG00000079308	600076	TENSIN 1; TNS1;;TENSIN; TNS		NA
TOMM40	19	44890569	44903689	ENSG00000130204	608061	TRANSLOCASE OF OUTER MITOCHONDRIAL MEMBRANE 40, YEAST, HOMOLOG OF; TOMM40;;TOM40;;PEREC1		NA
TRAPPC11	4	183659267	183713594	ENSG00000168538	614138	TRAFFICKING PROTEIN PARTICLE COMPLEX, SUBUNIT 11; TRAPPC11;;CHROMOSOME 4 OPEN READING FRAME 41; C4ORF41	MUSCULAR DYSTROPHY, LIMB-GIRDLE, AUTOSOMAL RECESSIVE 18; LGMDR18;;MUSCULAR DYSTROPHY, LIMB-GIRDLE, TYPE 2S; LGMD2S	615356
TRIM33	1	114392790	114511203	ENSG00000197323	605769	TRIPARTITE MOTIF-CONTAINING PROTEIN 33; TRIM33;;TRANSCRIPTIONAL INTERMEDIARY FACTOR 1-GAMMA; TIF1G;;TIF1-GAMMA;;RET-FUSED GENE 7; RFG7;;ECTODERMIN, XENOPUS, HOMOLOG OF; ECTO PTC7 CHIMERIC ONCOGENE, INCLUDED		NA
TRIM46	1	155173787	155184971	ENSG00000163462	600986	TRIPARTITE MOTIF-CONTAINING PROTEIN 46; TRIM46;;GENE Y; GENEY;;TRIFIC		NA
TSG101	11	18468336	18526951	ENSG00000074319	601387	TUMOR SUSCEPTIBILITY GENE 101; TSG101;;VACUOLAR PROTEIN SORTING 23, YEAST, HOMOLOG OF; VPS23		NA
TTF1	9	132375548	132406851	ENSG00000125482	600777	TRANSCRIPTION TERMINATION FACTOR, RNA POLYMERASE I; TTF1		NA
TTI2	8	33473386	33513185	ENSG00000129696	614426	TELO2-INTERACTING PROTEIN 2; TTI2;;CHROMOSOME 8 OPEN READING FRAME 41; C8ORF41	MENTAL RETARDATION, AUTOSOMAL RECESSIVE 39; MRT39	615541
TUBGCP4	15	43369221	43409771	ENSG00000137822	609610	TUBULIN-GAMMA COMPLEX-ASSOCIATED PROTEIN 4; TUBGCP4;;GAMMA-TUBULIN COMPLEX COMPONENT 4; GCP4	MICROCEPHALY AND CHORIORETINOPATHY, AUTOSOMAL RECESSIVE, 3; MCCRP3	616335
TULP4	6	158232236	158511828	ENSG00000130338	NA			NA
TUT7	9	86287733	86354454	ENSG00000083223	613467	ZINC FINGER CCHC DOMAIN-CONTAINING PROTEIN 6; ZCCHC6;;TERMINAL URIDYLTRANSFERASE 7; TUT7;;KIAA1711		NA
UBE3C	7	157138916	157269370	ENSG00000009335	614454	UBIQUITIN PROTEIN LIGASE E3C; UBE3C;;HECTH2;;KIAA0010;;KIAA10		NA
UBR3	2	169827454	170084131	ENSG00000144357	613831	UBIQUITIN PROTEIN LIGASE E3 COMPONENT N-RECOGNIN 3; UBR3		NA
UBR5	8	102252273	102412759	ENSG00000104517	608413	UBIQUITIN-PROTEIN LIGASE E3 COMPONENT N-RECOGNIN 5; UBR5;;E3 UBIQUITIN PROTEIN LIGASE, HECT DOMAIN-CONTAINING, 1; EDD1; EDD;;PROGESTIN-INDUCED PROTEIN;;HYPERPLASTIC DISCS, DROSOPHILA, HOMOLOG OF; HYD;;KIAA0896		NA
UFC1	1	161152776	161158856	ENSG00000143222	610554	UBIQUITIN-FOLD MODIFIER-CONJUGATING ENZYME 1; UFC1;;UFM1-CONJUGATING ENZYME 1	NEURODEVELOPMENTAL DISORDER WITH SPASTICITY AND POOR GROWTH; NEDSG	618076
UMPS	3	124730433	124749273	ENSG00000114491	613891	URIDINE MONOPHOSPHATE SYNTHETASE; UMPS;;OROTATE PHOSPHORIBOSYLTRANSFERASE; OPRT;;OROTIDYLIC DECARBOXYLASE; ODC	OROTIC ACIDURIA;;OROTIC ACIDURIA I;;OROTATE PHOSPHORIBOSYLTRANSFERASE AND OROTIDYLIC DECARBOXYLASE DEFICIENCY;;OPRT AND ODC DEFICIENCY;;OROTIDYLIC PYROPHOSPHORYLASE AND OROTIDYLIC DECARBOXYLASE DEFICIENCY;;URIDINE MONOPHOSPHATE SYNTHASE DEFICIENCY;; /.../NTHASE DEFICIENCY;;UMPS DEFICIENCY OROTIC ACIDURIA WITHOUT MEGALOBLASTIC ANEMIA, INCLUDED; OAWA, INCLUDED	258900
URB2	1	229626247	229660200	ENSG00000135763	NA			NA
USF2	19	35268962	35279821	ENSG00000105698	600390	UPSTREAM TRANSCRIPTION FACTOR 2, FOS-INTERACTING; USF2;;UPSTREAM STIMULATORY FACTOR 2;;FOS-INTERACTING PROTEIN; FIP		NA
USP25	21	15730025	15880069	ENSG00000155313	604736	UBIQUITIN-SPECIFIC PROTEASE 25; USP25;;UBIQUITIN-SPECIFIC PROTEASE ON CHROMOSOME 21; USP21		NA
USP37	2	218450251	218568351	ENSG00000135913	NA			NA
UTP25	1	209827972	209857565	ENSG00000117597	NA			NA
VIRMA	8	94487689	94553529	ENSG00000164944	616447	KIAA1429 GENE; KIAA1429;;VIRILIZER		NA
VPS16	20	2840703	2866732	ENSG00000215305	608550	VACUOLAR PROTEIN SORTING 16, YEAST, HOMOLOG OF; VPS16		NA
WBP11	12	14784582	14803486	ENSG00000084463	618083	WW-BINDING PROTEIN 11; WBP11;;NPW38-BINDING PROTEIN; NPWBP;;SPLICING FACTOR THAT INTERACTS WITH PQBP1 AND PP1; SIPP1		NA
WDR24	16	684622	690444	ENSG00000127580	NA			NA
WDR75	2	189441446	189475552	ENSG00000115368	NA			NA
XPNPEP3	22	40857077	40932815	ENSG00000196236	613553	X-PROLYL AMINOPEPTIDASE 3; XPNPEP3;;AMINOPEPTIDASE P3; APP3	NEPHRONOPHTHISIS-LIKE NEPHROPATHY 1; NPHPL1	613159
XPOT	12	64404392	64451125	ENSG00000184575	603180	EXPORTIN, tRNA; XPOT;;EXPORTIN-T		NA
XRN2	20	21303331	21389825	ENSG00000088930	608851	5-PRIME,3-PRIME-@EXORIBONUCLEASE 2; XRN2;;DHM1-LIKE PROTEIN		NA
YIPF5	5	144158162	144170714	ENSG00000145817	611483	YIP1 DOMAIN FAMILY, MEMBER 5; YIPF5;;SMOOTH MUSCLE CELL-ASSOCIATED PROTEIN 5; SMAP5;;YIP1A		NA
YY1	14	100238298	100282788	ENSG00000100811	600013	TRANSCRIPTION FACTOR YY1; YY1;;YIN YANG 1	GABRIELE-DE VRIES SYNDROME; GADEVS	617557
ZC3H12A	1	37474580	37484377	ENSG00000163874	610562	ZINC FINGER CCCH DOMAIN-CONTAINING PROTEIN 12A; ZC3H12A;;MCP1-INDUCED PROTEIN; MCPIP;;MCPIP1;;REGNASE 1		NA
ZEB1	10	31318495	31529814	ENSG00000148516	189909	ZINC FINGER E BOX-BINDING HOMEOBOX 1; ZEB1;;TRANSCRIPTION FACTOR 8; TCF8;;T-LYMPHOCYTE-SPECIFIC INTERLEUKIN 2 INHIBITOR;;DELTA-EF1;;NIL2A	CORNEAL DYSTROPHY, FUCHS ENDOTHELIAL, 6; FECD6;;CORNEAL DYSTROPHY, FUCHS ENDOTHELIAL, LATE-ONSET	613270
ZEB1	10	31318495	31529814	ENSG00000148516	189909	ZINC FINGER E BOX-BINDING HOMEOBOX 1; ZEB1;;TRANSCRIPTION FACTOR 8; TCF8;;T-LYMPHOCYTE-SPECIFIC INTERLEUKIN 2 INHIBITOR;;DELTA-EF1;;NIL2A	CORNEAL DYSTROPHY, POSTERIOR POLYMORPHOUS, 3; PPCD3	609141
ZFYVE9	1	52142094	52346686	ENSG00000157077	603755	ZINC FINGER FYVE TYPE-CONTAINING PROTEIN 9; ZFYVE9;;SMAD ANCHOR FOR RECEPTOR ACTIVATION; SARA;;MADH-INTERACTING PROTEIN; MADHIP;;RECEPTOR ACTIVATION ANCHOR		NA
ZNF335	20	45948660	45972203	ENSG00000198026	610827	ZINC FINGER PROTEIN 335; ZNF335;;NRC-INTERACTING FACTOR; NIF1 NIF2, INCLUDED	MICROCEPHALY 10, PRIMARY, AUTOSOMAL RECESSIVE; MCPH10	615095
ZNF638	2	71276561	71435069	ENSG00000075292	614349	ZINC FINGER PROTEIN 638; ZNF638;;NUCLEAR PROTEIN, 220-KD; NP220		NA
ZNF750	17	82829434	82840022	ENSG00000141579	610226	ZINC FINGER PROTEIN 750; ZNF750;;FLJ13841	SEBORRHEA-LIKE DERMATITIS WITH PSORIASIFORM ELEMENTS	610227
ZNHIT6	1	85649417	85708433	ENSG00000117174	NA			NA
